date,open,high,low,close,volume
1997-06-18,11.5,12.78,10.4,12.6,22359300
1997-06-19,11.98,12.35,11.34,11.34,9283800
1997-06-20,10.7,11.8,10.5,11.47,8057000
1997-06-23,11.6,11.67,10.71,10.9,5679400
1997-06-24,11.0,11.99,10.9,11.45,5037700
1997-06-25,11.51,11.55,11.01,11.2,2284900
1997-06-26,11.3,11.33,11.0,11.0,2217800
1997-06-27,11.01,11.25,10.18,10.32,2753500
1997-07-02,10.4,10.5,9.29,9.29,1827500
1997-07-03,9.3,9.64,9.0,9.0,1610700
1997-07-04,9.01,9.16,8.81,8.88,1053000
1997-07-07,8.98,9.14,8.0,8.08,1066800
1997-07-08,8.1,8.49,7.81,8.38,1106900
1997-07-09,8.38,8.38,8.0,8.16,807000
1997-07-10,8.26,8.33,8.03,8.09,704800
1997-07-11,8.0,8.85,7.81,8.72,1687400
1997-07-14,8.95,9.48,8.9,9.37,2358700
1997-07-15,9.35,9.35,8.85,9.1,1337400
1997-07-16,9.1,9.22,8.7,9.08,1101400
1997-07-17,8.99,9.21,8.81,9.01,878300
1997-07-18,9.2,9.21,8.8,8.92,815800
1997-07-21,9.01,9.4,8.96,9.11,1404800
1997-07-22,9.08,9.6,9.02,9.52,1600700
1997-07-23,9.68,9.98,9.41,9.48,2022600
1997-07-24,9.45,10.13,9.42,9.82,2965100
1997-07-25,9.8,10.1,9.65,9.9,2180800
1997-07-28,10.0,10.34,9.82,9.96,2644500
1997-07-29,9.88,9.95,9.69,9.8,1541500
1997-07-30,9.8,10.5,9.8,10.41,2200800
1997-07-31,10.45,10.81,10.28,10.75,2121400
1997-08-01,10.79,11.12,10.6,11.06,2789400
1997-08-04,11.06,11.25,10.8,11.13,1847800
1997-08-05,11.12,11.25,10.85,11.05,1240300
1997-08-06,11.06,11.64,10.82,11.45,1602800
1997-08-07,11.3,11.68,11.22,11.4,1814700
1997-08-08,11.5,12.22,11.49,12.2,3135900
1997-08-11,12.01,12.36,11.8,11.88,1510700
1997-08-12,11.7,12.1,11.5,11.7,1748500
1997-08-13,11.63,11.65,10.53,11.0,2650700
1997-08-14,10.7,11.7,10.7,11.7,1389000
1997-08-15,11.6,12.1,11.6,11.95,1927200
1997-08-18,11.8,12.2,11.21,12.15,1348100
1997-08-19,12.14,12.2,11.8,11.82,892700
1997-08-20,11.85,12.16,11.81,12.0,510700
1997-08-21,12.1,12.5,11.92,12.15,1017700
1997-08-22,11.8,12.32,11.8,12.08,1002400
1997-08-25,12.1,12.58,12.1,12.58,1177700
1997-08-26,12.7,12.86,12.25,12.45,1051800
1997-08-27,12.6,13.38,12.6,13.35,2575900
1997-08-28,13.3,13.3,12.82,12.99,1340500
1997-08-29,13.15,13.45,12.91,13.23,2429000
1997-09-01,12.98,13.8,12.83,13.8,1774400
1997-09-02,13.6,13.6,13.03,13.45,1108200
1997-09-03,13.35,13.58,13.15,13.56,1342100
1997-09-04,13.45,13.78,13.21,13.6,1129200
1997-09-05,13.65,13.65,13.2,13.44,564100
1997-09-08,13.45,13.48,12.85,12.95,1214300
1997-09-09,12.92,12.92,12.56,12.56,565900
1997-09-10,12.6,12.96,12.56,12.7,541100
1997-09-11,12.7,12.95,12.38,12.6,697100
1997-09-12,12.6,12.9,12.5,12.56,429300
1997-09-15,12.6,12.77,12.02,12.1,363200
1997-09-16,12.1,12.36,12.0,12.22,272700
1997-09-17,12.2,12.2,11.9,12.0,213300
1997-09-18,12.01,12.6,12.0,12.25,349900
1997-09-19,12.3,12.39,12.1,12.22,143100
1997-09-22,12.15,12.18,11.71,11.88,747600
1997-09-23,11.8,11.86,11.53,11.76,840100
1997-09-24,11.98,12.5,11.9,12.48,849900
1997-09-25,12.48,12.88,12.22,12.38,940100
1997-09-26,12.4,12.5,12.2,12.34,239200
1997-09-29,12.34,12.34,12.1,12.1,254800
1997-09-30,12.0,12.4,12.0,12.4,787300
1997-10-06,12.41,12.41,12.0,12.4,93600
1997-10-07,12.04,12.45,12.04,12.45,75300
1997-10-08,12.5,12.6,12.4,12.6,304400
1997-10-09,12.63,12.65,12.38,12.48,154500
1997-10-10,12.4,12.55,12.3,12.4,75500
1997-10-13,12.55,12.69,12.41,12.48,253200
1997-10-14,12.4,12.5,12.14,12.48,131100
1997-10-15,12.75,12.85,12.45,12.85,692300
1997-10-16,12.78,13.39,12.6,13.25,2191800
1997-10-17,13.38,14.58,12.9,14.15,2671700
1997-10-20,14.15,14.38,13.9,14.2,1125600
1997-10-21,14.25,14.42,13.88,14.1,905900
1997-10-22,14.1,14.95,13.76,14.88,4142200
1997-10-23,15.0,15.34,14.5,14.68,2144400
1997-10-24,14.68,14.8,14.5,14.63,829900
1997-10-27,14.51,15.15,14.5,14.9,3119300
1997-10-28,14.8,14.85,14.1,14.15,1027400
1997-10-29,14.2,14.4,13.86,14.34,1236600
1997-10-30,14.34,14.8,14.34,14.36,1440500
1997-10-31,14.1,14.56,13.91,14.48,445500
1997-11-03,14.2,14.63,14.2,14.49,292100
1997-11-04,14.5,14.78,14.48,14.76,410700
1997-11-05,14.76,15.44,14.72,15.3,1325900
1997-11-06,15.39,15.82,15.13,15.2,1172400
1997-11-07,15.18,15.4,15.1,15.21,656500
1997-11-10,15.18,15.42,15.11,15.18,602000
1997-11-11,15.15,15.26,14.85,15.01,352400
1997-11-12,15.02,15.35,15.02,15.1,458700
1997-11-13,15.0,15.6,15.0,15.4,476900
1997-11-14,15.4,15.85,15.4,15.75,607300
1997-11-17,15.9,16.2,15.8,15.98,355700
1997-11-18,16.11,16.11,15.7,15.82,317400
1997-11-19,15.88,15.92,15.7,15.9,277200
1997-11-20,15.81,15.96,15.61,15.67,226900
1997-11-21,15.6,15.68,15.01,15.14,320900
1997-11-24,14.98,15.1,14.2,14.82,259100
1997-11-25,14.6,15.1,14.6,15.1,144200
1997-11-26,15.1,15.1,14.95,15.0,125400
1997-11-27,15.02,15.02,14.88,14.91,87200
1997-11-28,14.81,15.1,14.7,15.0,286200
1997-12-01,14.97,15.7,14.97,15.55,224000
1997-12-02,15.55,15.95,15.5,15.85,303300
1997-12-03,15.8,15.95,15.53,15.6,215700
1997-12-04,15.61,16.0,15.4,16.0,299300
1997-12-05,16.0,16.48,15.86,15.9,285600
1997-12-08,15.91,16.01,15.61,15.75,171700
1997-12-09,15.75,16.1,15.6,15.73,207000
1997-12-10,15.95,16.66,15.7,16.59,1490600
1997-12-11,16.59,16.88,16.41,16.8,688100
1997-12-12,16.78,17.2,16.63,16.88,400600
1997-12-15,17.0,17.7,17.0,17.58,533100
1997-12-16,17.58,18.1,17.32,17.49,1468000
1997-12-17,17.1,17.5,16.88,16.99,774700
1997-12-18,17.05,17.5,16.95,17.45,392300
1997-12-19,17.44,18.18,17.44,18.0,554800
1997-12-22,18.25,18.39,17.8,18.23,349700
1997-12-23,18.35,18.35,17.85,18.0,367800
1997-12-24,18.0,18.03,17.7,17.8,305600
1997-12-25,17.81,18.4,17.65,18.23,969100
1997-12-26,18.2,18.81,18.1,18.81,669800
1997-12-29,18.98,19.0,18.41,18.41,360500
1997-12-30,18.28,18.54,18.0,18.0,296900
1997-12-31,18.0,18.75,18.0,18.61,781800
1998-01-05,18.02,18.6,18.0,18.25,769800
1998-01-06,18.2,18.6,16.85,17.08,3637900
1998-01-07,17.0,17.68,16.15,17.1,3446100
1998-01-08,17.0,17.05,16.6,17.0,881500
1998-01-09,16.9,16.9,16.58,16.8,919900
1998-01-12,16.62,17.43,16.15,17.01,1180400
1998-01-13,16.8,17.38,15.32,16.7,1476200
1998-01-14,16.8,16.99,16.2,16.8,486200
1998-01-15,16.8,17.8,16.37,17.35,666400
1998-01-16,17.48,17.69,16.86,17.0,584200
1998-01-19,17.0,17.02,16.5,16.66,244500
1998-01-20,16.8,16.9,16.6,16.63,263300
1998-01-21,16.8,16.86,16.55,16.8,164000
1998-01-22,16.8,17.0,16.51,16.95,215700
1998-01-23,17.1,17.2,16.86,17.05,607100
1998-02-09,17.5,17.68,16.81,16.88,243000
1998-02-10,17.04,17.04,16.81,16.85,190600
1998-02-11,16.8,16.9,16.0,16.18,407300
1998-02-12,16.1,16.18,15.6,15.9,571700
1998-02-13,16.0,16.28,15.72,16.18,400700
1998-02-16,16.0,16.36,15.7,15.78,353200
1998-02-17,15.7,16.1,15.3,15.8,412900
1998-02-18,15.98,16.16,15.88,15.99,532600
1998-02-19,15.99,15.99,15.51,15.7,223300
1998-02-20,15.0,15.6,14.2,15.26,1099200
1998-02-23,15.1,15.65,14.81,15.6,385600
1998-02-24,15.42,15.6,15.3,15.35,142200
1998-02-25,15.3,15.92,15.2,15.8,476600
1998-02-26,15.8,16.26,15.79,16.09,400800
1998-02-27,16.2,16.21,15.71,15.8,279100
1998-03-02,15.26,15.68,15.25,15.35,570500
1998-03-03,15.43,15.6,15.16,15.38,324000
1998-03-04,15.39,15.45,15.23,15.23,314600
1998-03-05,15.3,15.47,15.26,15.4,536600
1998-03-06,15.4,15.63,15.4,15.55,80700
1998-03-09,15.48,15.94,15.48,15.8,184900
1998-03-10,15.94,16.26,15.6,16.06,210100
1998-03-11,16.0,16.18,15.7,15.8,254300
1998-03-12,15.78,16.24,15.72,16.13,812800
1998-03-13,16.01,16.3,16.0,16.1,392600
1998-03-16,16.35,16.5,16.2,16.33,277500
1998-03-17,16.37,16.8,16.28,16.75,589700
1998-03-18,16.7,16.8,16.51,16.6,179500
1998-03-19,16.6,16.98,16.6,16.88,520500
1998-03-20,16.88,16.98,16.71,16.85,124000
1998-03-23,16.8,17.1,16.78,17.03,454300
1998-03-24,17.08,17.09,16.9,17.0,226200
1998-03-25,17.3,17.3,16.8,16.91,185700
1998-03-26,16.91,16.91,16.0,16.47,158200
1998-03-27,16.55,17.15,16.45,17.0,509600
1998-03-30,17.0,17.0,16.49,16.78,167300
1998-03-31,16.77,17.2,16.52,16.97,241200
1998-04-01,16.88,17.4,16.87,17.27,405800
1998-04-02,17.3,17.54,17.15,17.4,459200
1998-04-03,17.4,17.6,17.2,17.5,259400
1998-04-06,17.5,17.63,17.35,17.58,271100
1998-04-07,17.3,18.0,17.25,17.85,242000
1998-04-08,17.83,18.15,17.7,18.15,444900
1998-04-09,18.15,18.3,17.99,18.25,330000
1998-04-10,18.1,18.55,17.99,18.55,1262200
1998-04-13,18.55,19.67,18.41,18.51,583800
1998-04-14,18.3,18.4,17.0,17.25,1137800
1998-04-15,17.5,18.4,17.5,18.34,390900
1998-04-16,18.23,19.38,17.99,18.9,629200
1998-04-17,18.9,19.48,18.27,18.27,554200
1998-04-20,18.0,19.0,18.0,18.01,620100
1998-04-21,18.05,18.9,18.05,18.8,565600
1998-04-22,18.8,19.3,18.69,18.8,351100
1998-04-23,18.8,19.0,18.58,18.73,62600
1998-04-24,19.0,19.17,18.7,19.0,329800
1998-04-27,19.2,19.7,18.7,19.2,264200
1998-04-28,19.5,19.96,19.3,19.79,342400
1998-04-29,20.0,20.18,19.45,19.7,216500
1998-04-30,19.65,19.8,19.2,19.4,156800
1998-05-04,19.38,19.6,19.01,19.42,375100
1998-05-05,19.41,19.8,19.1,19.68,285900
1998-05-06,19.52,19.78,19.2,19.75,352700
1998-05-07,19.68,19.9,19.55,19.8,322000
1998-05-08,20.0,20.28,19.71,20.1,342700
1998-05-11,20.3,20.98,20.0,20.8,242200
1998-05-12,21.0,21.0,20.4,20.85,243300
1998-05-13,20.85,20.85,20.02,20.6,138700
1998-05-14,20.4,20.5,19.8,20.0,173900
1998-05-15,19.88,20.2,19.65,19.75,174400
1998-05-18,19.6,19.9,19.33,19.5,310800
1998-05-19,19.5,20.2,19.38,20.18,168400
1998-05-21,20.0,20.58,19.9,20.58,358600
1998-05-22,20.88,21.08,20.4,20.65,291700
1998-05-25,20.42,20.55,19.87,20.05,208100
1998-05-26,19.8,20.1,19.5,19.98,198000
1998-05-27,19.7,20.3,19.53,20.15,211300
1998-05-28,20.5,20.56,20.0,20.39,212800
1998-05-29,20.8,21.1,20.2,20.44,236400
1998-06-01,21.0,21.0,20.01,20.01,189000
1998-06-02,19.8,20.57,19.8,20.22,46800
1998-06-03,20.0,20.38,19.68,20.38,119400
1998-06-04,19.98,20.54,19.98,20.54,192200
1998-06-05,20.68,20.85,20.3,20.64,200700
1998-06-08,20.99,21.04,20.5,20.75,183200
1998-06-09,20.98,21.0,20.1,20.29,243000
1998-06-10,19.9,20.4,19.6,19.8,130900
1998-06-11,19.55,19.89,19.4,19.6,104900
1998-06-12,20.99,20.99,19.6,20.15,247400
1998-06-15,19.9,20.18,19.6,20.1,191400
1998-06-16,20.28,20.5,19.75,20.4,145800
1998-06-17,20.4,20.7,20.18,20.7,203600
1998-06-18,20.98,21.5,20.7,21.48,640200
1998-06-19,21.83,21.98,21.5,21.68,288200
1998-06-22,21.8,21.88,21.2,21.55,418000
1998-06-23,21.38,22.0,21.12,21.92,458400
1998-06-24,21.8,22.9,21.7,22.78,586500
1998-06-25,23.02,23.15,22.75,22.98,184100
1998-06-26,23.18,23.2,22.35,22.98,337200
1998-06-29,22.8,22.96,21.85,22.3,186700
1998-06-30,22.08,22.16,21.33,21.68,96200
1998-07-01,21.85,21.98,21.1,21.59,126700
1998-07-02,21.59,21.88,21.4,21.86,83900
1998-07-03,21.91,22.27,21.43,22.0,129800
1998-07-06,22.0,22.65,21.49,22.5,341400
1998-07-07,22.5,22.91,22.08,22.68,366100
1998-07-08,22.59,22.79,22.33,22.5,229000
1998-07-09,22.3,22.7,22.2,22.65,148200
1998-07-10,22.75,23.4,22.75,23.3,237200
1998-07-13,23.87,23.87,22.9,23.69,496900
1998-07-14,23.5,23.5,23.0,23.18,109800
1998-07-15,23.5,23.66,23.12,23.34,255900
1998-07-16,23.2,23.64,23.0,23.35,643300
1998-07-17,23.27,23.6,22.95,23.33,394800
1998-07-20,23.2,23.8,23.0,23.78,484900
1998-07-21,23.75,24.2,23.47,24.2,652200
1998-07-22,24.3,24.8,24.0,24.7,666800
1998-07-23,24.82,24.88,24.18,24.39,493000
1998-07-24,24.25,24.77,24.01,24.77,465900
1998-07-27,24.98,24.98,24.43,24.84,441300
1998-07-28,24.88,25.1,24.63,25.02,307000
1998-07-29,24.99,25.16,24.85,25.08,226100
1998-07-30,24.91,25.0,24.6,24.9,48000
1998-07-31,24.95,25.0,24.3,24.72,227300
1998-08-03,24.7,24.7,23.62,24.2,685900
1998-08-04,23.95,24.5,23.8,24.5,2236800
1998-08-05,24.5,24.64,24.15,24.63,952300
1998-08-06,24.6,24.8,24.2,24.36,110600
1998-08-07,24.22,24.48,23.95,24.05,99900
1998-08-10,23.78,24.0,22.8,23.15,92100
1998-08-11,22.95,23.15,22.0,22.34,128200
1998-08-12,22.12,22.38,21.5,22.11,181900
1998-08-13,22.0,22.69,21.55,22.5,170400
1998-08-14,22.6,23.02,22.0,22.4,238600
1998-08-17,22.4,22.5,21.0,21.22,172100
1998-08-18,20.9,21.3,20.15,21.0,670300
1998-08-19,21.1,21.75,20.9,21.55,329100
1998-08-20,21.3,21.68,21.0,21.3,220800
1998-08-21,21.27,21.5,20.8,21.2,260100
1998-08-24,21.35,22.0,21.0,21.6,173500
1998-08-25,21.5,21.73,20.9,21.28,145100
1998-08-26,21.15,21.85,20.85,21.58,215000
1998-08-27,21.64,21.92,21.11,21.42,215100
1998-08-28,21.42,21.93,21.16,21.7,279200
1998-08-31,21.86,22.7,21.18,22.7,487700
1998-09-01,22.68,22.68,21.58,21.86,164600
1998-09-02,21.9,21.9,21.3,21.3,79900
1998-09-03,21.32,21.69,21.32,21.5,150600
1998-09-04,19.35,19.8,19.32,19.6,74300
1998-09-07,19.5,19.8,19.1,19.36,145600
1998-09-08,19.4,19.66,19.0,19.3,222100
1998-09-09,19.1,19.4,19.0,19.25,197900
1998-09-10,19.19,19.5,19.01,19.48,355600
1998-09-11,19.4,20.22,19.36,20.08,630200
1998-09-14,20.15,21.0,19.9,21.0,393200
1998-09-15,20.92,20.92,20.1,20.6,244600
1998-09-16,20.26,20.58,20.11,20.5,288300
1998-09-17,20.5,20.8,20.36,20.78,246500
1998-09-18,20.6,21.15,20.3,21.1,377500
1998-09-21,21.0,21.57,20.8,21.07,301600
1998-09-22,20.98,21.07,20.72,21.0,100100
1998-09-23,21.0,21.15,20.88,21.0,146600
1998-09-24,21.0,21.1,20.49,21.07,222800
1998-09-25,21.0,21.4,20.7,21.35,361800
1998-09-28,21.28,21.5,20.76,21.3,116200
1998-09-29,21.32,21.6,20.85,21.34,137700
1998-09-30,21.4,21.75,21.35,21.6,103000
1998-10-05,21.4,21.58,20.8,21.28,338700
1998-10-06,21.4,21.4,20.75,21.25,177000
1998-10-07,21.4,21.4,20.94,21.28,90800
1998-10-08,21.0,21.59,21.0,21.48,121800
1998-10-09,21.4,21.75,21.4,21.65,182200
1998-10-12,21.65,22.0,21.2,21.65,239700
1998-10-13,21.38,21.78,21.38,21.5,272900
1998-10-14,21.3,21.77,21.2,21.3,147900
1998-10-15,21.4,21.68,21.1,21.2,192000
1998-10-16,21.2,21.3,20.8,20.96,180300
1998-10-19,20.98,21.98,20.98,21.7,605600
1998-10-20,21.9,22.57,21.9,22.35,531700
1998-10-21,22.5,22.59,22.0,22.49,349600
1998-10-22,22.15,22.5,22.02,22.33,411400
1998-10-23,22.3,22.68,22.1,22.52,707100
1998-10-26,22.69,22.8,22.31,22.55,705900
1998-10-27,22.6,23.75,22.5,23.58,1349600
1998-10-28,23.5,23.8,23.2,23.48,881800
1998-10-29,23.47,23.94,23.4,23.85,977400
1998-10-30,23.85,23.88,23.5,23.69,618400
1998-11-02,23.6,23.85,23.45,23.79,971200
1998-11-03,23.7,23.8,23.18,23.37,711700
1998-11-04,23.15,23.2,22.53,22.78,623000
1998-11-05,22.7,23.0,22.6,22.82,538400
1998-11-06,22.9,23.68,22.76,23.54,994000
1998-11-09,23.5,23.75,23.15,23.39,793400
1998-11-10,23.28,24.1,23.25,24.1,1319300
1998-11-11,24.0,24.62,23.8,24.48,1168400
1998-11-12,24.4,24.4,23.85,23.88,398100
1998-11-13,23.88,23.88,23.35,23.68,569300
1998-11-16,21.31,22.95,21.31,22.95,8568700
1998-11-17,21.89,21.89,20.9,21.6,1861000
1998-11-18,21.48,21.63,21.05,21.63,1137100
1998-11-19,21.6,23.5,21.45,22.68,2797400
1998-11-23,22.78,23.4,22.6,23.38,1758900
1998-11-24,23.25,23.25,22.85,23.15,768500
1998-11-25,23.08,23.2,22.7,22.9,487800
1998-11-26,22.6,22.75,22.0,22.39,381700
1998-11-27,22.0,22.5,21.78,22.0,345500
1998-11-30,22.25,22.45,21.9,22.0,265300
1998-12-01,22.18,22.25,21.9,22.19,522900
1998-12-02,22.25,22.45,21.9,22.4,522700
1998-12-03,22.4,22.55,22.0,22.55,718000
1998-12-04,14.08,14.08,13.4,13.56,351200
1998-12-07,13.5,14.0,13.11,13.42,707800
1998-12-08,13.2,13.48,12.94,13.34,458200
1998-12-09,13.2,13.5,13.15,13.29,65500
1998-12-10,13.3,13.41,13.13,13.28,245300
1998-12-11,13.28,13.35,13.18,13.28,96800
1998-12-14,13.5,13.65,13.21,13.6,297300
1998-12-15,13.59,13.71,13.25,13.6,161500
1998-12-16,13.6,13.64,13.35,13.6,194300
1998-12-17,13.45,13.63,13.3,13.32,141200
1998-12-18,13.32,14.55,13.16,14.5,242800
1998-12-21,13.89,13.89,13.55,13.75,299400
1998-12-22,13.75,13.85,13.6,13.77,226900
1998-12-23,13.8,13.88,13.68,13.71,154000
1998-12-24,13.65,13.7,13.4,13.65,63100
1998-12-25,13.4,13.69,13.4,13.5,61200
1998-12-28,13.65,13.65,13.28,13.28,126800
1998-12-29,13.22,13.3,13.12,13.2,140300
1998-12-30,13.3,13.3,13.09,13.28,102700
1998-12-31,13.1,13.96,13.1,13.8,327200
1999-01-04,13.5,13.55,13.25,13.5,43800
1999-01-05,13.48,13.58,13.21,13.49,54700
1999-01-06,13.6,13.6,13.3,13.48,31500
1999-01-07,13.48,13.6,13.3,13.48,54500
1999-01-08,13.48,13.65,13.21,13.65,125400
1999-01-11,13.65,14.14,13.5,14.08,335400
1999-01-12,14.0,14.48,13.91,14.32,811900
1999-01-13,14.18,14.39,13.99,14.15,237400
1999-01-14,14.25,14.44,14.25,14.38,304700
1999-01-15,14.38,14.71,14.28,14.69,686200
1999-01-18,14.65,15.1,14.65,15.05,1220100
1999-01-19,15.0,15.2,14.9,14.98,648000
1999-01-20,15.02,15.05,14.6,14.78,593900
1999-01-21,14.68,14.73,14.5,14.68,442300
1999-01-22,14.68,14.88,14.62,14.7,245000
1999-01-25,14.65,14.7,14.2,14.28,180200
1999-01-26,14.02,14.45,14.02,14.45,122200
1999-01-27,14.38,14.68,14.3,14.58,169700
1999-01-28,14.4,14.76,14.4,14.68,132400
1999-01-29,14.58,14.78,14.35,14.78,183700
1999-02-01,14.66,14.66,14.2,14.48,122700
1999-02-02,14.35,14.45,14.1,14.38,109500
1999-02-03,14.4,14.4,14.2,14.38,49300
1999-02-04,14.37,14.5,14.08,14.4,111700
1999-02-05,14.3,14.45,14.01,14.38,185000
1999-02-08,14.25,14.25,13.85,14.1,134400
1999-02-09,14.0,14.2,13.95,13.95,168100
1999-03-01,13.95,13.98,13.5,13.52,89300
1999-03-02,13.4,13.5,13.0,13.2,179000
1999-03-03,13.19,13.8,13.12,13.74,147600
1999-03-04,13.41,13.68,13.33,13.39,114800
1999-03-05,13.35,13.65,13.35,13.49,141900
1999-03-08,13.4,13.4,13.1,13.2,147500
1999-03-09,13.31,13.85,13.28,13.8,302500
1999-03-10,13.8,13.95,13.55,13.7,169200
1999-03-11,13.8,14.28,13.58,14.28,417400
1999-03-12,14.38,14.75,14.01,14.05,645000
1999-03-15,14.09,14.3,13.6,13.8,1096200
1999-03-16,13.12,14.7,13.12,14.58,1863100
1999-03-17,14.62,15.03,14.3,14.95,3454600
1999-03-18,15.0,15.3,14.9,15.2,1623900
1999-03-19,15.2,15.7,15.05,15.52,1611400
1999-03-22,15.75,16.0,15.32,15.6,715900
1999-03-23,15.59,16.0,15.37,15.9,833100
1999-03-24,16.02,16.03,15.7,15.9,400700
1999-03-25,16.02,16.48,15.9,16.42,1304400
1999-03-26,16.5,16.66,16.25,16.48,962200
1999-03-29,16.48,17.06,16.4,16.75,1036400
1999-03-30,16.8,17.02,16.1,16.34,686400
1999-03-31,16.19,16.35,15.6,15.89,701700
1999-04-01,15.6,15.9,15.3,15.68,1042100
1999-04-02,15.6,15.8,15.2,15.5,750000
1999-04-05,15.3,16.7,15.3,16.01,642100
1999-04-06,15.92,16.55,15.75,16.4,1100200
1999-04-07,16.51,16.8,16.02,16.2,435800
1999-04-08,15.9,16.35,15.72,16.0,522000
1999-04-09,15.95,16.49,15.9,15.93,468000
1999-04-12,17.0,17.52,16.36,17.52,3006300
1999-04-13,17.6,18.2,17.21,18.2,1365600
1999-04-14,18.3,18.4,17.5,17.82,1096800
1999-04-15,17.8,18.0,17.2,17.6,709800
1999-04-16,17.69,18.2,17.3,17.88,630600
1999-04-19,17.98,18.88,17.7,18.85,756100
1999-04-20,18.95,19.35,18.42,19.31,892800
1999-04-21,19.4,19.5,18.88,19.3,744900
1999-04-22,19.38,19.98,19.0,19.9,1190800
1999-04-23,19.88,19.9,18.6,19.23,1328700
1999-04-26,19.1,19.15,17.7,18.05,802700
1999-04-27,17.9,17.9,17.36,17.65,677200
1999-04-28,17.77,18.55,17.5,17.84,747100
1999-04-29,17.98,18.58,17.8,18.56,620100
1999-04-30,18.7,18.78,18.15,18.35,531600
1999-05-04,18.19,18.45,18.01,18.2,420600
1999-05-05,18.1,18.35,17.6,18.3,528400
1999-05-06,18.3,18.57,17.9,18.4,621800
1999-05-07,18.25,18.48,17.91,18.08,417100
1999-05-10,18.03,18.35,17.4,17.65,484100
1999-05-11,17.6,17.96,17.3,17.56,381200
1999-05-12,17.47,18.0,17.1,18.0,500800
1999-05-13,17.98,18.28,17.5,17.82,452900
1999-05-14,17.72,17.8,17.1,17.72,398000
1999-05-17,17.72,17.85,17.25,17.4,443500
1999-05-18,17.5,17.7,17.1,17.55,785700
1999-05-19,17.6,18.28,17.3,18.13,703300
1999-05-20,18.2,18.66,17.9,18.59,893600
1999-05-21,18.6,18.82,18.35,18.55,1059600
1999-05-24,18.6,19.25,18.5,19.08,2439000
1999-05-25,19.1,19.35,18.78,18.98,2551700
1999-05-26,18.87,19.22,18.7,18.95,2313300
1999-05-27,18.95,19.15,18.68,18.78,3650000
1999-05-28,18.8,18.9,18.5,18.61,3415800
1999-05-31,18.72,19.46,18.55,19.4,4204700
1999-06-01,19.5,21.0,19.3,20.75,5341100
1999-06-02,21.0,21.13,20.0,20.4,3002200
1999-06-03,20.3,20.88,19.9,20.0,1968800
1999-06-04,19.9,20.18,19.5,19.99,2244100
1999-06-07,20.1,20.25,19.7,20.2,2084500
1999-06-08,20.28,20.5,19.8,19.92,1986900
1999-06-09,20.0,21.91,20.0,21.91,2954500
1999-06-10,22.1,22.6,21.0,21.78,2515800
1999-06-11,21.5,23.68,21.5,23.39,2357500
1999-06-14,24.5,25.1,22.5,23.0,2551600
1999-06-15,25.28,25.3,24.0,25.3,2227100
1999-06-16,26.48,27.83,26.48,27.0,4421900
1999-06-17,26.73,26.73,24.3,24.69,5681800
1999-06-21,24.55,26.66,23.3,26.29,4282500
1999-06-22,26.0,26.49,24.5,25.38,2558000
1999-06-23,25.5,26.1,24.4,25.58,2427500
1999-06-24,25.6,25.8,23.89,24.88,1929800
1999-06-25,24.87,25.58,24.0,24.3,1642600
1999-06-28,24.7,26.2,24.7,24.99,2027700
1999-06-29,25.0,25.5,24.0,24.68,1724700
1999-06-30,24.5,25.0,22.8,23.77,3209600
1999-07-01,22.82,24.1,21.39,23.95,3230100
1999-07-02,24.51,25.0,22.95,24.43,2219700
1999-07-05,24.5,25.2,23.8,24.92,2109900
1999-07-06,25.01,25.37,24.45,24.83,1489600
1999-07-07,24.85,25.9,24.5,25.7,2264700
1999-07-08,26.0,26.1,25.05,25.63,2025300
1999-07-09,25.8,26.35,25.11,26.2,2113000
1999-07-12,26.33,27.15,25.8,26.68,1652200
1999-07-13,27.1,27.28,26.16,27.05,1679300
1999-07-14,27.2,27.8,26.5,27.6,1427600
1999-07-15,28.0,28.35,27.35,27.9,1469100
1999-07-16,28.4,29.2,27.77,29.02,1719300
1999-07-20,29.65,31.92,29.18,31.92,1819900
1999-07-21,33.0,35.11,32.5,35.11,2051900
1999-07-22,36.7,37.7,31.6,31.85,2808000
1999-07-23,29.0,35.04,29.0,35.04,2138700
1999-07-26,34.95,36.9,34.0,36.58,1569900
1999-07-27,36.0,37.1,35.03,36.58,1441300
1999-07-28,35.98,36.49,32.92,32.92,1685400
1999-07-29,32.0,32.68,30.0,31.02,1045400
1999-07-30,29.6,31.0,29.0,30.48,1337500
1999-08-02,30.2,30.2,28.51,28.9,1189300
1999-08-03,28.55,29.2,28.31,28.58,619900
1999-08-04,28.8,29.35,28.45,28.88,730500
1999-08-05,28.8,29.2,28.48,28.96,808200
1999-08-06,28.86,29.19,28.6,28.8,937000
1999-08-09,28.8,28.8,26.1,28.5,2151100
1999-08-10,25.65,26.84,25.65,26.15,3434300
1999-08-11,25.4,25.75,24.5,25.25,1872700
1999-08-12,25.0,25.99,24.8,25.4,1014100
1999-08-13,25.3,25.6,24.89,25.2,609800
1999-08-16,25.18,25.48,24.5,24.98,614800
1999-08-17,24.97,25.1,24.55,24.98,530600
1999-08-18,25.0,25.48,24.71,25.0,865800
1999-08-19,25.05,25.59,24.95,25.54,1048600
1999-08-20,25.4,25.75,25.0,25.38,900400
1999-08-23,25.45,25.68,25.0,25.48,868900
1999-08-24,25.5,25.82,25.3,25.49,641500
1999-08-25,25.45,25.64,24.95,25.47,674200
1999-08-26,25.35,25.45,24.99,25.3,585600
1999-08-27,25.3,25.55,24.95,25.35,620500
1999-08-30,25.4,25.4,24.74,25.25,503600
1999-08-31,25.3,25.37,24.8,25.18,423300
1999-09-01,25.15,25.15,24.59,25.0,325600
1999-09-02,25.0,25.0,24.18,24.78,436900
1999-09-03,24.6,24.9,24.25,24.65,240700
1999-09-06,24.6,25.08,24.49,24.79,338200
1999-09-07,24.7,25.2,24.6,24.88,331800
1999-09-08,24.8,25.18,24.7,24.9,413300
1999-09-09,24.95,25.88,24.81,25.69,832900
1999-09-10,25.75,26.0,25.15,25.47,785800
1999-09-13,25.55,25.98,25.4,25.98,1246300
1999-09-14,26.28,26.68,25.8,26.58,2005200
1999-09-15,26.65,27.18,26.3,27.03,2317900
1999-09-16,27.05,28.3,27.05,27.79,4067300
1999-09-17,27.7,27.85,26.61,26.95,1501400
1999-09-20,26.65,27.05,26.3,26.68,800900
1999-09-21,26.5,27.0,26.0,26.2,493800
1999-09-22,26.3,26.35,25.1,25.58,519300
1999-09-23,25.5,25.8,25.0,25.05,396200
1999-09-24,25.1,25.49,24.58,24.82,351000
1999-09-27,24.82,25.0,24.6,24.85,243300
1999-09-28,25.0,25.45,24.65,25.19,371300
1999-09-29,25.25,25.6,25.0,25.3,329300
1999-09-30,25.5,25.65,25.0,25.29,411000
1999-10-08,25.11,25.19,24.5,24.8,188200
1999-10-11,24.68,24.68,24.02,24.35,251400
1999-10-12,24.2,24.5,24.2,24.35,216200
1999-10-13,24.4,24.86,24.0,24.18,189000
1999-10-14,24.1,24.1,23.5,23.7,302900
1999-10-15,23.5,24.5,23.15,23.96,283200
1999-10-18,23.8,24.15,23.0,23.06,133900
1999-10-19,22.89,22.9,22.01,22.22,231600
1999-10-20,22.06,22.38,21.62,21.89,149500
1999-10-21,21.7,21.98,20.54,20.68,204200
1999-10-22,20.6,21.98,20.5,21.3,288900
1999-10-25,21.4,21.5,20.65,20.67,126000
1999-10-26,20.85,21.5,20.5,20.98,197900
1999-10-27,21.1,23.08,21.1,22.79,1801900
1999-10-28,22.8,23.5,22.01,23.35,787900
1999-10-29,23.5,24.0,22.0,23.45,1017500
1999-11-01,23.45,23.45,22.25,22.49,689700
1999-11-02,22.39,23.0,21.9,21.9,478200
1999-11-03,21.8,22.19,21.0,21.45,490500
1999-11-04,21.4,21.7,21.01,21.47,271400
1999-11-05,21.3,21.74,21.2,21.48,231000
1999-11-08,21.39,22.0,21.1,21.8,363600
1999-11-09,21.66,22.25,21.38,22.0,470500
1999-11-10,21.9,22.2,21.5,21.88,214500
1999-11-11,21.92,22.15,21.66,21.95,258200
1999-11-12,21.98,22.6,21.98,22.58,750700
1999-11-15,22.69,23.0,22.3,22.66,219900
1999-11-16,22.8,23.2,22.03,22.58,246000
1999-11-17,22.48,22.79,21.8,22.2,247700
1999-11-18,22.35,22.96,22.12,22.78,834100
1999-11-19,22.8,23.28,22.6,23.19,328400
1999-11-22,23.25,23.3,22.6,22.76,402800
1999-11-23,22.85,23.1,22.55,22.7,334900
1999-11-24,22.7,23.0,22.4,22.52,336800
1999-11-25,22.58,22.9,22.45,22.59,262700
1999-11-26,22.55,22.85,22.45,22.55,274200
1999-11-29,22.52,22.78,22.25,22.4,217800
1999-11-30,22.35,22.66,22.22,22.37,232200
1999-12-01,22.4,22.62,22.2,22.42,292100
1999-12-02,22.41,22.57,22.2,22.25,208200
1999-12-03,22.2,22.46,22.18,22.22,200000
1999-12-06,22.3,22.5,22.01,22.15,212200
1999-12-07,22.2,22.35,21.75,21.82,178100
1999-12-08,21.88,21.9,21.2,21.42,162000
1999-12-09,21.38,21.5,21.0,21.19,188600
1999-12-10,21.1,21.39,21.01,21.22,205840
1999-12-13,21.25,21.6,21.1,21.45,266000
1999-12-14,21.4,23.0,21.25,22.15,505000
1999-12-15,22.2,23.3,22.01,22.96,614900
1999-12-16,22.9,23.3,22.55,22.8,292400
1999-12-17,22.8,23.3,22.42,22.95,344600
1999-12-21,23.2,23.2,22.2,22.54,447700
1999-12-22,22.39,22.55,22.1,22.25,229700
1999-12-23,22.25,22.45,21.68,21.8,203800
1999-12-24,21.7,22.35,21.5,21.81,176500
1999-12-27,21.8,22.2,21.7,21.95,89200
1999-12-28,22.0,22.35,22.0,22.02,79000
1999-12-29,22.1,22.29,21.95,22.0,46100
1999-12-30,22.38,22.8,21.76,22.8,62800
2000-01-04,22.6,23.2,22.6,23.09,193900
2000-01-05,22.3,23.0,22.3,22.7,146600
2000-01-06,22.75,24.2,22.4,24.05,648100
2000-01-07,23.5,25.5,23.4,24.9,1648100
2000-01-10,23.9,25.0,23.51,24.3,827700
2000-01-11,24.5,24.8,23.31,24.0,719300
2000-01-12,23.7,24.3,22.96,23.5,1263000
2000-01-13,23.2,24.07,22.69,23.88,876500
2000-01-14,23.55,24.0,22.6,23.28,871800
2000-01-17,23.0,23.0,22.1,22.5,411600
2000-01-18,22.3,23.28,22.3,23.03,410400
2000-01-19,22.6,23.3,22.6,23.0,309300
2000-01-20,22.8,23.5,22.7,23.38,443000
2000-01-21,23.1,23.99,22.81,23.88,1071700
2000-01-24,23.66,25.0,23.5,24.8,2151600
2000-01-25,24.3,25.1,24.0,24.86,2273700
2000-01-26,24.85,25.1,23.88,24.2,1352700
2000-01-27,23.8,24.8,23.6,24.0,1615400
2000-01-28,24.3,26.3,24.28,25.7,3588900
2000-02-14,26.48,28.1,26.0,27.95,5444500
2000-02-15,27.5,28.46,26.95,27.4,5282900
2000-02-16,27.4,27.68,25.7,26.8,4813900
2000-02-17,27.0,29.0,24.6,25.8,4594400
2000-02-18,25.98,26.15,24.7,25.99,2467700
2000-02-21,26.0,26.0,25.01,25.48,2030600
2000-02-22,25.05,25.48,24.66,25.09,1205000
2000-02-23,24.8,24.8,23.6,24.03,1185100
2000-02-24,23.9,24.78,23.6,24.7,1886700
2000-02-25,24.25,24.7,23.8,24.45,1509600
2000-02-28,24.5,25.88,24.2,25.2,4829400
2000-02-29,25.0,27.38,24.95,25.85,31122100
2000-03-02,25.5,26.73,24.99,25.01,6749500
2000-03-03,25.3,26.15,24.8,25.5,4357400
2000-03-06,26.0,28.0,25.68,26.46,10346200
2000-03-07,26.4,27.8,26.01,27.4,6190300
2000-03-08,27.7,27.9,26.51,27.15,3848900
2000-03-09,27.5,29.0,27.1,28.99,8236400
2000-03-10,29.25,29.8,28.01,28.83,6541500
2000-03-14,31.71,31.71,27.01,31.71,11155100
2000-03-15,34.2,34.88,31.88,32.06,10982000
2000-03-16,31.5,32.0,28.85,28.85,9054900
2000-03-17,28.4,30.98,28.3,30.68,8766900
2000-03-20,30.0,31.85,29.3,31.64,5322500
2000-03-21,31.6,31.64,30.5,30.85,2991300
2000-03-22,30.8,33.1,30.65,31.35,3983600
2000-03-23,31.5,32.6,31.5,32.55,3101700
2000-03-24,33.0,33.38,31.21,31.39,3483600
2000-03-27,31.39,31.88,30.5,31.15,4563800
2000-03-28,32.0,32.0,30.7,31.0,2026100
2000-03-29,31.5,34.0,31.26,33.45,3453000
2000-03-30,33.61,34.2,33.0,33.46,3279700
2000-03-31,33.38,33.45,32.58,32.9,2461300
2000-04-03,33.2,34.0,32.91,33.3,3775400
2000-04-04,20.81,21.97,20.81,21.07,7824900
2000-04-05,21.1,21.49,19.93,20.49,5315600
2000-04-06,20.5,20.79,20.0,20.5,3195200
2000-04-07,20.6,20.89,20.1,20.8,3321700
2000-04-10,20.8,21.78,20.4,20.9,5410800
2000-04-11,20.91,21.8,20.9,21.7,5035500
2000-04-12,21.8,21.97,21.1,21.35,3284700
2000-04-13,21.3,21.6,21.0,21.22,3047900
2000-04-14,21.22,21.3,20.8,20.93,2363300
2000-04-17,20.68,20.79,20.0,20.26,3783700
2000-04-18,20.1,20.5,20.1,20.34,1641800
2000-04-19,20.4,20.5,20.15,20.35,1980100
2000-04-20,20.35,20.5,20.2,20.22,1741200
2000-04-21,20.22,20.99,20.03,20.3,1860100
2000-04-24,20.2,20.6,19.8,19.85,2529000
2000-04-25,19.78,19.79,19.18,19.5,2035900
2000-04-26,19.5,19.99,19.5,19.77,1080300
2000-04-27,19.9,19.94,19.6,19.65,908700
2000-04-28,19.65,20.5,19.52,20.44,1749700
2000-05-08,20.6,20.78,20.0,20.2,956900
2000-05-09,20.1,20.1,19.61,19.78,1153400
2000-05-10,19.7,19.7,19.22,19.24,1084200
2000-05-11,19.12,19.3,18.5,18.5,1391800
2000-05-12,18.5,18.76,18.01,18.2,1225800
2000-05-15,18.08,18.2,17.38,17.45,1174200
2000-05-16,17.48,17.98,17.48,17.93,798900
2000-05-17,17.93,18.58,17.7,17.98,925000
2000-05-18,17.95,18.3,17.71,18.27,570700
2000-05-19,18.2,18.6,18.2,18.5,859100
2000-05-22,18.8,19.5,18.55,19.25,1431500
2000-05-23,19.35,19.5,18.71,18.94,1152000
2000-05-24,19.05,19.45,18.8,19.1,993000
2000-05-25,19.13,19.39,18.85,18.93,1207800
2000-05-26,18.94,19.27,18.61,18.9,1269800
2000-05-29,18.95,20.65,18.92,20.46,3100300
2000-05-30,20.5,20.69,19.5,19.68,2602500
2000-05-31,19.66,20.27,19.4,19.8,1227200
2000-06-01,19.8,20.14,19.5,19.8,972500
2000-06-02,19.8,19.9,19.48,19.7,911400
2000-06-05,19.75,20.1,19.4,19.49,1402800
2000-06-06,19.45,19.85,19.42,19.64,1197300
2000-06-07,19.7,19.98,19.55,19.62,2002100
2000-06-08,18.8,19.2,18.73,18.8,919100
2000-06-09,18.81,18.99,18.59,18.78,843000
2000-06-12,18.55,18.93,18.3,18.78,710100
2000-06-13,18.8,19.08,18.6,18.83,674700
2000-06-14,18.88,18.98,18.58,18.6,659300
2000-06-15,18.8,18.8,18.24,18.36,864300
2000-06-16,18.49,18.68,18.0,18.49,1120900
2000-06-19,18.3,18.3,18.13,18.14,855000
2000-06-20,18.2,18.45,18.09,18.1,563000
2000-06-21,18.1,18.29,18.09,18.15,976800
2000-06-22,18.2,19.2,18.2,19.0,1976300
2000-06-23,19.08,19.5,19.0,19.42,1588500
2000-06-26,19.48,20.39,19.48,19.9,2403500
2000-06-27,19.95,20.1,19.5,19.55,1147000
2000-06-28,19.51,19.73,19.46,19.52,827400
2000-06-29,19.5,19.5,19.15,19.22,675300
2000-06-30,19.2,19.25,18.89,18.97,729400
2000-07-03,18.9,18.9,18.45,18.58,669000
2000-07-04,18.45,18.94,18.4,18.9,377700
2000-07-05,19.0,19.36,18.9,19.1,369300
2000-07-06,19.05,19.14,18.65,18.7,386100
2000-07-07,18.6,18.92,18.45,18.72,546600
2000-07-10,18.7,18.71,18.4,18.45,1306000
2000-07-11,18.4,18.74,18.25,18.65,911600
2000-07-12,18.7,18.94,18.5,18.6,681200
2000-07-13,18.6,18.9,18.38,18.88,1396100
2000-07-14,18.9,19.28,18.89,18.95,929300
2000-07-17,19.1,19.5,19.0,19.19,1336000
2000-07-18,19.19,19.38,18.85,18.93,771000
2000-07-19,18.98,19.2,18.7,18.8,679000
2000-07-20,18.8,18.93,18.6,18.73,631200
2000-07-21,18.9,18.9,18.61,18.66,591600
2000-07-24,18.66,18.7,18.42,18.52,604400
2000-07-25,18.5,18.93,18.42,18.68,389700
2000-07-26,18.68,19.06,18.6,18.75,484100
2000-07-27,18.85,18.87,18.53,18.57,735500
2000-07-28,18.5,19.0,18.5,18.77,879900
2000-07-31,18.77,18.9,18.56,18.8,706400
2000-08-01,18.81,19.45,18.8,19.2,1950200
2000-08-02,19.5,19.8,19.3,19.8,4038500
2000-08-03,19.8,20.19,19.45,19.47,3998700
2000-08-04,19.47,19.79,19.15,19.25,1535000
2000-08-07,19.2,19.46,18.97,19.4,906300
2000-08-08,19.7,20.0,19.51,19.63,801900
2000-08-09,19.7,19.95,19.6,19.8,1484400
2000-08-10,19.8,20.65,19.8,20.48,5492800
2000-08-11,20.5,20.64,20.0,20.12,2245300
2000-08-14,20.2,20.81,20.2,20.76,2762400
2000-08-15,20.85,20.98,20.6,20.67,1514800
2000-08-16,20.7,20.8,20.2,20.33,1536100
2000-08-17,20.4,20.58,20.25,20.35,1250100
2000-08-18,20.35,20.74,20.0,20.38,779500
2000-08-21,20.38,20.5,19.86,19.99,1975100
2000-08-22,19.8,19.99,19.65,19.65,1234200
2000-08-23,19.55,19.68,18.49,19.5,2318500
2000-08-24,19.5,19.67,19.16,19.29,1130700
2000-08-25,19.2,19.5,19.2,19.49,648800
2000-08-28,19.49,19.59,19.11,19.28,1105500
2000-08-29,19.3,19.49,19.18,19.23,678500
2000-08-30,19.26,19.3,18.97,18.98,1071100
2000-08-31,18.8,19.0,18.65,18.76,932800
2000-09-01,18.61,18.75,18.6,18.7,716000
2000-09-04,18.55,19.0,18.31,18.9,886700
2000-09-05,18.93,19.0,18.37,18.38,489000
2000-09-06,18.3,18.36,17.78,17.8,938159
2000-09-07,17.8,18.35,17.8,17.96,638900
2000-09-08,18.0,18.5,17.96,18.45,675800
2000-09-11,18.52,18.55,18.2,18.22,317000
2000-09-12,18.3,18.3,17.98,18.03,554000
2000-09-13,18.05,18.48,18.05,18.3,431100
2000-09-14,18.25,18.45,18.0,18.12,349400
2000-09-15,18.23,18.23,18.0,18.04,405700
2000-09-18,18.0,18.0,17.8,17.82,487200
2000-09-19,17.5,17.74,17.5,17.54,506100
2000-09-20,17.58,17.8,17.41,17.8,424300
2000-09-21,17.7,17.9,17.5,17.5,314500
2000-09-22,17.5,17.7,17.5,17.56,279100
2000-09-25,17.6,17.91,17.6,17.74,206800
2000-09-26,17.78,17.97,17.6,17.8,203100
2000-09-27,17.85,17.96,17.69,17.96,364100
2000-09-28,17.96,17.97,17.51,17.52,259000
2000-09-29,17.6,17.76,17.6,17.76,228500
2000-10-09,17.8,17.88,17.38,17.55,361600
2000-10-10,17.5,18.22,17.5,18.1,707200
2000-10-11,18.0,18.14,17.56,17.76,349900
2000-10-12,17.78,17.78,17.47,17.55,482800
2000-10-13,17.6,17.65,17.38,17.45,531600
2000-10-16,17.48,17.5,16.81,16.98,616000
2000-10-17,16.88,16.95,16.68,16.73,513300
2000-10-18,16.8,17.19,16.8,17.0,334600
2000-10-19,17.08,17.15,16.7,16.78,369200
2000-10-20,16.8,17.55,16.78,17.33,460500
2000-10-23,17.4,17.48,17.1,17.23,389400
2000-10-24,17.25,17.35,17.0,17.05,417700
2000-10-25,17.01,17.49,16.85,17.25,862100
2000-10-26,17.25,17.25,16.99,17.02,461100
2000-10-27,16.95,17.06,16.9,16.97,313100
2000-10-30,16.95,17.0,16.8,16.8,573300
2000-10-31,16.9,17.29,16.8,17.02,481700
2000-11-01,17.0,17.01,16.9,16.96,365300
2000-11-02,16.96,17.12,16.86,17.0,553800
2000-11-03,17.0,17.02,16.88,16.93,366700
2000-11-06,16.9,17.0,16.87,16.88,449800
2000-11-07,16.85,17.2,16.82,17.01,351100
2000-11-08,17.0,17.2,17.0,17.12,359100
2000-11-09,17.15,17.7,17.12,17.67,1145100
2000-11-10,17.78,17.89,17.55,17.69,996500
2000-11-13,17.7,17.8,17.42,17.79,979600
2000-11-14,17.8,17.8,17.46,17.64,934300
2000-11-15,17.7,17.74,17.4,17.46,877400
2000-11-16,17.47,18.12,17.46,17.96,1298400
2000-11-17,18.0,18.07,17.73,17.77,582500
2000-11-20,17.9,17.95,17.58,17.65,588747
2000-11-21,17.7,17.9,17.51,17.55,625351
2000-11-22,17.55,17.59,17.31,17.48,752055
2000-11-23,17.5,17.74,17.5,17.67,808110
2000-11-24,17.68,17.7,17.1,17.18,921205
2000-11-27,17.0,17.1,16.8,16.84,988350
2000-11-28,16.85,17.18,16.85,17.03,752923
2000-11-29,17.05,17.3,17.0,17.12,441123
2000-11-30,17.16,17.16,16.9,16.94,482758
2000-12-01,16.95,17.1,16.85,16.93,511419
2000-12-04,16.9,17.0,16.81,16.93,660178
2000-12-05,17.0,17.05,16.88,17.0,458640
2000-12-06,17.0,17.1,16.86,16.9,424400
2000-12-07,16.88,16.9,16.79,16.82,503598
2000-12-08,16.8,16.8,16.65,16.77,523664
2000-12-11,16.7,16.75,16.5,16.66,643764
2000-12-12,16.6,16.79,16.58,16.79,357131
2000-12-13,16.8,17.0,16.67,16.95,297762
2000-12-14,16.99,17.0,16.79,16.99,251673
2000-12-15,17.0,17.0,16.7,16.73,275392
2000-12-19,16.9,16.99,16.6,16.66,550213
2000-12-20,16.95,16.98,16.7,16.89,350114
2000-12-21,17.05,17.1,16.95,17.0,399039
2000-12-22,17.0,17.04,16.7,16.8,391680
2000-12-25,16.81,16.83,16.55,16.63,500639
2000-12-26,16.64,16.9,16.63,16.78,480520
2000-12-27,16.8,17.0,16.78,16.85,574558
2000-12-28,16.85,16.9,16.68,16.83,310687
2000-12-29,16.83,16.99,16.83,16.96,293735
2001-01-02,16.96,17.35,16.85,17.29,627886
2001-01-03,17.3,17.41,17.25,17.36,719666
2001-01-04,17.4,17.48,17.22,17.24,519721
2001-01-05,17.2,17.25,16.9,16.95,511840
2001-01-08,16.9,17.3,16.8,17.15,744780
2001-01-09,17.14,17.17,16.96,17.05,458086
2001-01-10,17.06,17.07,16.91,16.95,389413
2001-01-11,17.0,17.2,16.95,17.19,501464
2001-01-12,17.18,17.27,17.0,17.24,404307
2001-01-15,17.24,17.24,16.9,16.9,381747
2001-01-16,16.9,16.9,16.68,16.82,419758
2001-01-17,16.82,17.0,16.7,16.71,267781
2001-01-18,16.7,16.95,16.7,16.8,197232
2001-01-19,16.8,16.91,16.8,16.9,323548
2001-02-05,16.9,16.9,16.5,16.64,342553
2001-02-07,16.62,16.62,15.45,15.62,373665
2001-02-08,15.6,15.6,14.38,14.4,1196326
2001-02-09,14.38,15.29,14.38,15.21,834922
2001-02-12,15.2,15.2,14.72,15.13,398096
2001-02-13,15.15,15.21,15.1,15.13,247113
2001-02-14,15.12,15.12,14.92,15.0,205047
2001-02-15,15.0,15.0,14.8,14.84,230259
2001-02-16,14.8,14.89,14.55,14.89,262065
2001-02-19,14.85,15.0,14.81,14.95,155964
2001-02-20,14.95,15.1,14.92,14.97,264217
2001-02-21,14.95,14.95,14.62,14.71,291072
2001-02-22,14.7,15.08,14.52,14.6,265788
2001-02-23,14.6,14.68,14.45,14.55,288078
2001-02-26,14.6,14.98,14.5,14.92,281191
2001-02-27,15.0,15.1,14.91,14.98,177297
2001-02-28,15.01,15.05,14.86,14.88,178088
2001-03-01,14.9,14.92,14.61,14.75,320431
2001-03-02,14.75,14.9,14.71,14.89,371349
2001-03-05,14.9,15.0,14.9,14.92,242322
2001-03-06,14.92,14.92,14.8,14.82,239861
2001-03-07,14.85,14.91,14.85,14.9,193732
2001-03-08,14.9,15.25,14.9,15.22,472034
2001-03-09,15.22,15.5,15.22,15.37,515563
2001-03-12,15.37,15.46,15.18,15.2,311666
2001-03-13,15.2,15.25,14.98,15.08,239323
2001-03-14,14.97,15.12,14.88,15.1,180996
2001-03-15,15.3,15.3,14.97,15.13,228248
2001-03-16,15.13,15.13,14.96,14.99,403763
2001-03-19,15.0,15.0,14.75,14.87,491669
2001-03-20,14.87,14.95,14.78,14.9,728301
2001-03-21,14.96,15.89,14.96,15.69,1349806
2001-03-22,15.8,15.8,15.5,15.6,670757
2001-03-23,15.6,15.68,15.3,15.3,555645
2001-03-26,15.3,15.6,15.18,15.56,378541
2001-03-27,15.63,15.75,15.56,15.67,454729
2001-03-28,15.75,15.78,15.55,15.6,308796
2001-03-29,15.6,15.67,15.5,15.5,343408
2001-03-30,15.52,15.52,15.31,15.42,356327
2001-04-02,15.42,15.69,15.32,15.57,403804
2001-04-03,15.6,15.64,15.3,15.38,405600
2001-04-04,15.38,15.38,15.05,15.1,473005
2001-04-05,15.05,15.24,15.0,15.24,542197
2001-04-06,15.25,15.3,15.01,15.08,350048
2001-04-09,15.15,15.15,14.91,15.0,392787
2001-04-10,15.0,15.1,14.98,15.09,399621
2001-04-11,15.11,15.15,15.0,15.04,393463
2001-04-12,15.04,15.65,14.98,15.44,914096
2001-04-13,15.4,15.49,15.25,15.35,380703
2001-04-16,15.38,15.81,15.35,15.64,1139471
2001-04-17,15.7,15.75,15.5,15.52,699511
2001-04-19,15.3,15.35,15.01,15.25,378072
2001-04-20,15.25,15.39,15.13,15.16,613065
2001-04-23,15.1,15.1,15.0,15.05,608446
2001-04-24,15.1,15.11,15.05,15.09,339114
2001-04-25,15.1,15.12,14.95,14.95,576473
2001-04-26,14.9,14.96,14.85,14.86,354388
2001-04-27,14.86,14.94,14.83,14.89,272182
2001-04-30,14.88,14.95,14.8,14.82,347600
2001-05-08,14.82,14.89,14.8,14.82,233585
2001-05-09,14.84,15.15,14.82,14.89,258351
2001-05-10,14.9,14.91,14.84,14.88,211329
2001-05-11,14.9,15.0,14.8,14.85,274684
2001-05-14,14.86,14.9,14.5,14.85,469929
2001-05-15,14.86,14.95,14.82,14.95,475531
2001-05-16,15.0,15.2,15.0,15.07,419339
2001-05-17,15.08,15.1,14.9,14.93,342918
2001-05-18,14.9,14.9,14.71,14.78,476997
2001-05-21,14.8,14.92,14.7,14.71,704792
2001-05-22,14.71,15.1,14.71,15.05,733168
2001-05-23,15.07,15.35,15.07,15.2,869617
2001-05-24,15.3,15.31,15.08,15.31,784453
2001-05-25,15.31,15.5,15.2,15.43,828057
2001-05-28,15.35,15.54,14.96,15.05,408049
2001-05-29,15.1,15.22,14.94,15.22,331680
2001-05-30,15.2,15.4,15.19,15.28,385310
2001-05-31,15.36,15.4,15.05,15.12,382044
2001-06-01,15.12,15.31,14.92,15.3,461721
2001-06-04,15.33,15.46,15.23,15.3,595114
2001-06-05,15.3,15.5,15.26,15.5,862269
2001-06-06,15.55,15.72,15.45,15.69,1080237
2001-06-07,15.72,15.73,15.55,15.61,531769
2001-06-08,15.51,15.6,15.4,15.43,348202
2001-06-11,15.4,15.41,15.28,15.32,387583
2001-06-12,15.32,15.4,15.3,15.33,319679
2001-06-13,15.35,15.42,15.3,15.4,451123
2001-06-14,15.4,15.48,15.18,15.18,454152
2001-06-15,15.19,15.25,15.17,15.2,393681
2001-06-18,15.2,15.25,14.85,14.87,523272
2001-06-19,14.85,15.19,14.85,15.19,242386
2001-06-20,15.15,15.2,15.03,15.09,155479
2001-06-21,15.0,15.15,15.0,15.09,191349
2001-06-22,15.09,15.2,15.02,15.2,300130
2001-06-25,15.28,15.29,15.0,15.15,377974
2001-06-26,15.14,15.15,15.06,15.13,436883
2001-06-27,15.13,15.42,15.08,15.37,550584
2001-06-28,15.38,15.55,15.26,15.45,707459
2001-06-29,15.5,15.5,15.3,15.33,283497
2001-07-02,15.35,15.44,15.2,15.29,248661
2001-07-03,15.31,15.52,15.23,15.5,230446
2001-07-04,15.51,15.6,15.4,15.46,377896
2001-07-05,15.45,15.47,15.3,15.4,248015
2001-07-06,15.38,15.38,15.11,15.19,207745
2001-07-09,15.8,15.8,15.28,15.38,172105
2001-07-10,15.48,15.48,15.3,15.4,192628
2001-07-11,15.48,15.48,15.3,15.45,241230
2001-07-12,15.45,15.45,15.31,15.32,148708
2001-07-13,15.32,15.44,15.15,15.16,142996
2001-07-16,15.2,15.27,15.1,15.1,277825
2001-07-17,15.11,15.5,14.9,15.5,262159
2001-07-18,15.36,15.36,15.25,15.33,159613
2001-07-19,15.38,15.44,15.17,15.44,233082
2001-07-20,15.5,15.5,15.4,15.49,922072
2001-07-23,15.55,15.8,15.5,15.68,1604469
2001-07-24,15.68,15.7,15.28,15.46,509317
2001-07-25,15.32,15.45,15.3,15.34,227334
2001-07-26,15.34,15.36,14.98,15.03,405867
2001-07-27,15.05,15.15,14.89,15.0,262838
2001-07-30,14.9,14.9,14.39,14.39,426564
2001-07-31,14.34,14.5,14.09,14.1,290608
2001-08-01,14.01,14.58,14.01,14.58,236507
2001-08-02,14.5,14.55,14.06,14.55,232529
2001-08-06,14.54,14.54,13.9,14.03,262127
2001-08-07,13.75,14.0,13.28,13.88,414495
2001-08-08,13.8,13.8,13.5,13.56,165417
2001-08-09,13.6,13.75,13.6,13.72,124211
2001-08-10,13.88,14.2,13.82,14.12,173791
2001-08-13,14.3,14.3,13.96,14.18,108988
2001-08-14,14.15,14.3,13.95,13.97,150456
2001-08-15,13.99,14.06,13.93,13.93,94700
2001-08-16,13.8,13.9,13.75,13.75,119029
2001-08-17,13.72,13.78,13.6,13.73,114328
2001-08-20,13.7,13.99,13.55,13.72,72367
2001-08-21,13.72,13.81,13.72,13.77,71297
2001-08-22,13.8,13.8,13.53,13.67,156186
2001-08-23,13.5,13.61,13.5,13.57,115746
2001-08-24,13.59,13.75,13.55,13.55,97075
2001-08-27,13.52,13.52,13.1,13.11,199688
2001-08-28,13.0,13.0,12.45,12.8,280086
2001-08-29,12.8,12.96,12.6,12.76,169757
2001-08-30,12.76,12.8,12.65,12.66,113179
2001-08-31,12.66,12.78,12.56,12.58,91933
2001-09-03,12.5,12.6,12.5,12.58,92445
2001-09-04,12.58,12.89,12.58,12.84,110523
2001-09-05,12.88,13.38,12.88,13.05,213524
2001-09-06,13.03,13.09,12.9,12.9,79559
2001-09-07,12.95,12.95,12.55,12.58,130088
2001-09-10,12.5,13.05,12.39,12.86,111035
2001-09-11,12.88,12.99,12.78,12.9,112830
2001-09-12,12.5,12.7,12.3,12.59,244282
2001-09-13,12.56,12.69,12.41,12.48,204109
2001-09-14,12.5,12.64,12.31,12.4,138327
2001-09-17,12.3,12.3,11.88,11.9,294228
2001-09-18,11.8,12.1,11.55,11.72,256137
2001-09-19,11.8,11.9,11.61,11.9,126276
2001-09-20,12.0,12.0,11.8,11.9,130270
2001-09-21,11.91,11.91,11.68,11.71,110890
2001-09-24,11.65,12.09,11.65,11.93,143113
2001-09-25,11.96,12.02,11.68,11.75,92658
2001-09-26,11.78,11.8,11.55,11.6,98079
2001-09-27,11.61,11.7,11.55,11.55,105694
2001-09-28,11.6,11.8,11.55,11.65,177010
2001-10-08,11.68,11.8,11.05,11.07,180671
2001-10-09,11.0,11.2,10.93,11.09,134615
2001-10-10,11.08,11.08,10.45,10.45,274264
2001-10-11,10.42,10.45,9.9,9.95,317079
2001-10-12,10.0,10.5,9.7,10.38,331328
2001-10-15,10.4,10.55,10.21,10.54,217574
2001-10-16,10.54,10.57,10.15,10.27,89400
2001-10-17,10.25,10.25,10.0,10.15,106782
2001-10-18,10.16,10.16,9.92,9.95,90328
2001-10-19,9.9,9.9,9.43,9.68,282326
2001-10-22,9.12,9.66,9.12,9.57,222594
2001-10-23,10.01,10.53,10.01,10.53,578624
2001-10-24,11.0,11.18,10.7,10.9,1091890
2001-10-25,10.9,10.9,10.4,10.4,352103
2001-10-26,10.3,10.4,10.17,10.29,206164
2001-10-29,10.29,10.46,10.25,10.45,149229
2001-10-30,10.5,10.52,10.32,10.35,91276
2001-10-31,10.34,10.9,10.1,10.9,147107
2001-11-01,10.78,10.8,10.44,10.7,263591
2001-11-02,10.66,10.7,10.0,10.5,139000
2001-11-05,10.3,10.95,10.3,10.95,91900
2001-11-06,10.75,10.75,10.5,10.5,188047
2001-11-07,10.69,10.69,10.0,10.0,287013
2001-11-08,9.65,10.09,9.65,9.98,168312
2001-11-09,10.01,10.48,9.86,10.38,157270
2001-11-12,10.38,10.38,10.11,10.11,96824
2001-11-13,10.03,10.25,9.99,10.1,50722
2001-11-14,10.1,10.2,10.0,10.1,73158
2001-11-15,10.01,10.1,10.0,10.05,47088
2001-11-16,11.01,11.01,10.16,10.16,404143
2001-11-19,10.29,10.7,10.21,10.5,204526
2001-11-20,10.5,10.8,10.48,10.75,554828
2001-11-21,10.75,10.85,10.6,10.83,346874
2001-11-22,10.84,11.05,10.83,10.99,499561
2001-11-23,11.02,11.4,10.9,11.34,947405
2001-11-26,11.39,11.39,11.2,11.26,427389
2001-11-27,11.26,11.38,11.2,11.38,289969
2001-11-28,11.3,11.58,11.3,11.43,428186
2001-11-29,11.4,11.51,11.33,11.37,354020
2001-11-30,11.37,11.47,11.37,11.41,225029
2001-12-03,11.45,11.63,11.42,11.61,430414
2001-12-04,11.65,11.65,11.47,11.54,290392
2001-12-05,11.54,11.54,11.28,11.31,427508
2001-12-06,11.28,11.68,11.2,11.54,476997
2001-12-07,11.58,11.78,11.5,11.63,384272
2001-12-10,11.65,11.7,11.4,11.58,90737
2001-12-11,11.5,11.6,11.4,11.43,204375
2001-12-12,11.4,11.4,11.2,11.2,116962
2001-12-13,11.18,11.58,11.06,11.08,241786
2001-12-14,11.0,11.08,10.85,10.91,257718
2001-12-17,10.89,11.01,10.79,10.94,174434
2001-12-18,10.9,11.04,10.76,11.01,229685
2001-12-19,11.05,11.2,10.89,10.89,79752
2001-12-20,10.8,10.89,10.2,10.48,122002
2001-12-21,10.5,10.52,10.3,10.43,167453
2001-12-24,10.36,10.36,10.08,10.09,164208
2001-12-25,10.4,10.8,10.3,10.39,184831
2001-12-26,10.2,10.48,10.2,10.46,105011
2001-12-27,10.4,10.52,10.4,10.4,91804
2001-12-28,10.43,10.53,10.3,10.4,71654
2001-12-31,10.5,10.5,10.4,10.46,122998
2002-01-04,10.46,10.46,10.25,10.27,144200
2002-01-07,10.2,10.2,10.06,10.09,133448
2002-01-08,10.01,10.34,10.01,10.1,71530
2002-01-09,10.1,10.15,10.02,10.03,88191
2002-01-10,10.0,10.02,9.2,9.9,495149
2002-01-11,9.85,9.9,9.6,9.6,152424
2002-01-14,9.41,9.5,9.35,9.37,149829
2002-01-15,9.3,9.49,9.1,9.11,244761
2002-01-16,9.28,9.28,9.08,9.19,141336
2002-01-17,9.19,9.19,8.8,8.8,228389
2002-01-18,8.61,8.98,8.31,8.8,319019
2002-01-21,8.6,8.75,8.41,8.43,252115
2002-01-22,8.34,8.6,8.18,8.31,180847
2002-01-23,8.25,8.96,8.25,8.95,285782
2002-01-24,8.98,9.1,8.48,8.95,377671
2002-01-25,8.8,9.05,8.8,8.91,164029
2002-01-28,8.88,9.0,8.3,8.31,244899
2002-01-29,8.2,8.5,8.1,8.46,218972
2002-01-30,8.46,8.58,8.4,8.5,224658
2002-01-31,8.7,9.35,8.6,9.35,841976
2002-02-01,9.34,9.6,9.31,9.39,408428
2002-02-04,9.38,9.48,9.2,9.41,212473
2002-02-05,9.31,9.45,9.31,9.4,158426
2002-02-06,9.32,9.35,9.22,9.22,210034
2002-02-07,9.22,9.51,9.2,9.43,208525
2002-02-08,9.59,9.6,9.4,9.48,200082
2002-02-25,9.75,9.87,9.5,9.56,183584
2002-02-26,9.53,9.65,9.4,9.58,178494
2002-02-27,9.5,9.6,9.5,9.58,101687
2002-02-28,9.56,9.6,9.26,9.27,140891
2002-03-01,9.27,9.39,9.21,9.34,266296
2002-03-04,9.2,9.42,9.09,9.41,131025
2002-03-05,9.48,9.9,9.4,9.8,498014
2002-03-06,9.82,10.0,9.72,9.8,553619
2002-03-07,9.75,10.05,9.75,10.02,449718
2002-03-08,10.19,11.0,10.05,10.67,1088052
2002-03-11,10.95,10.95,10.5,10.81,604741
2002-03-12,10.81,10.85,10.5,10.57,617115
2002-03-13,10.5,10.53,10.0,10.12,617998
2002-03-14,10.06,10.42,10.05,10.42,431980
2002-03-15,10.45,10.72,10.01,10.06,576398
2002-03-18,10.18,10.35,10.0,10.07,418083
2002-03-19,10.1,10.28,10.0,10.28,358612
2002-03-20,10.38,10.56,10.33,10.43,622150
2002-03-21,10.5,10.65,10.5,10.6,484938
2002-03-22,10.55,10.72,10.5,10.55,553484
2002-03-25,10.55,11.38,10.55,11.15,2678942
2002-03-26,11.18,11.21,10.9,11.1,1753180
2002-03-27,11.07,11.16,10.86,10.96,588909
2002-03-28,11.1,11.2,10.86,11.1,674971
2002-03-29,10.8,10.8,10.06,10.29,1137705
2002-04-01,10.19,10.19,9.8,9.97,884412
2002-04-02,9.98,10.25,9.98,10.04,723061
2002-04-03,10.08,10.34,10.07,10.21,735520
2002-04-04,10.2,10.38,9.95,10.32,611079
2002-04-05,10.35,10.4,10.08,10.17,464874
2002-04-08,10.0,10.16,10.0,10.06,394678
2002-04-09,10.1,10.3,10.07,10.3,485274
2002-04-10,10.36,10.62,10.3,10.59,956649
2002-04-11,10.6,10.66,10.19,10.2,697385
2002-04-12,10.3,10.58,10.26,10.31,648028
2002-04-15,10.35,10.38,10.1,10.23,266548
2002-04-16,10.23,10.23,10.1,10.17,217904
2002-04-17,10.17,10.21,10.02,10.17,209604
2002-04-18,10.17,10.17,10.07,10.14,217303
2002-04-19,10.12,10.32,9.91,10.29,375792
2002-04-22,10.29,10.29,10.11,10.15,178858
2002-04-23,10.0,10.16,10.0,10.1,184024
2002-04-24,10.15,10.28,10.01,10.03,165105
2002-04-25,10.0,10.05,9.92,10.0,168671
2002-04-26,10.28,10.28,10.1,10.16,200042
2002-04-30,10.27,10.67,10.27,10.5,920889
2002-05-08,10.65,10.65,10.28,10.28,236036
2002-05-09,10.25,10.26,10.18,10.22,222589
2002-05-10,10.23,10.23,10.11,10.15,188378
2002-05-13,10.13,10.2,10.02,10.05,173677
2002-05-14,10.0,10.1,10.0,10.01,193405
2002-05-15,10.02,10.11,9.86,9.89,241441
2002-05-16,9.8,9.81,9.34,9.39,395159
2002-05-17,9.46,9.58,9.4,9.54,305937
2002-05-20,9.54,9.54,9.2,9.25,183753
2002-05-21,9.45,9.73,9.38,9.59,402807
2002-05-22,9.6,9.6,9.34,9.34,197840
2002-05-23,9.58,9.59,9.36,9.39,145395
2002-05-24,9.38,9.38,9.1,9.18,202017
2002-05-28,8.9,9.27,8.9,9.08,172180
2002-05-29,9.08,9.08,8.82,8.88,217439
2002-05-30,8.88,9.01,8.85,8.92,182607
2002-05-31,8.9,8.93,8.85,8.93,102328
2002-06-03,8.8,8.8,8.7,8.78,161434
2002-06-04,8.98,9.1,8.8,8.93,118441
2002-06-05,8.98,8.98,8.68,8.7,82875
2002-06-06,8.6,9.13,8.6,8.99,237770
2002-06-07,9.1,9.38,9.01,9.23,315745
2002-06-10,9.23,9.23,9.06,9.08,109909
2002-06-11,9.13,9.19,9.08,9.18,128289
2002-06-12,9.16,9.16,8.98,9.04,119273
2002-06-13,9.01,9.09,8.95,8.95,91255
2002-06-14,8.9,9.14,8.81,8.97,91044
2002-06-17,8.92,9.01,8.86,8.94,55663
2002-06-18,9.14,9.14,9.0,9.11,121084
2002-06-19,9.18,9.18,9.03,9.03,71788
2002-06-20,9.01,9.1,9.0,9.09,124763
2002-06-21,9.09,9.45,9.03,9.39,575484
2002-06-24,10.22,10.22,9.81,10.22,2187139
2002-06-25,10.39,10.4,9.92,9.97,1142326
2002-06-26,9.8,10.25,9.8,10.1,865412
2002-06-27,10.1,10.3,10.1,10.21,563539
2002-06-28,10.21,10.36,9.97,10.32,573157
2002-07-01,10.32,10.72,10.13,10.55,2146046
2002-07-02,10.55,10.8,10.1,10.76,1356811
2002-07-03,10.78,10.82,10.66,10.75,869912
2002-07-04,10.75,10.78,10.47,10.48,1076476
2002-07-05,10.48,10.77,10.4,10.58,537002
2002-07-08,10.6,10.62,10.3,10.44,360448
2002-07-09,10.52,10.6,10.44,10.49,235188
2002-07-10,10.61,10.72,10.48,10.49,442375
2002-07-11,10.48,10.55,10.44,10.5,468260
2002-07-12,10.5,10.6,10.5,10.52,181386
2002-07-15,10.5,10.55,10.3,10.31,202858
2002-07-16,10.35,10.43,10.2,10.2,209423
2002-07-17,10.38,10.44,10.13,10.31,188347
2002-07-18,10.4,10.4,10.27,10.29,143219
2002-07-19,10.31,10.31,10.2,10.29,145107
2002-07-22,10.32,10.32,10.15,10.18,171287
2002-07-23,10.16,10.22,10.1,10.17,94035
2002-07-24,10.17,10.17,10.1,10.14,74216
2002-07-25,10.15,10.18,10.12,10.15,109363
2002-07-26,10.14,10.18,10.05,10.1,139612
2002-07-29,10.02,10.1,10.02,10.08,87561
2002-07-30,10.06,10.23,10.06,10.22,121591
2002-07-31,10.2,10.22,10.0,10.02,132800
2002-08-02,10.09,10.18,9.96,10.1,252878
2002-08-05,10.1,10.2,10.1,10.11,95130
2002-08-06,10.19,10.2,10.01,10.15,130384
2002-08-07,10.15,10.15,10.04,10.05,59332
2002-08-08,10.15,10.15,10.01,10.03,113435
2002-08-09,10.13,10.13,9.95,9.96,97275
2002-08-12,9.98,9.98,9.78,9.82,119536
2002-08-13,9.83,9.95,9.83,9.85,116046
2002-08-14,9.75,9.97,9.75,9.9,44940
2002-08-15,9.9,9.92,9.85,9.86,76300
2002-08-16,9.84,9.96,9.78,9.94,140061
2002-08-19,9.85,9.95,9.81,9.91,74561
2002-08-20,9.91,10.05,9.9,10.03,113735
2002-08-21,10.05,10.06,9.99,10.06,124351
2002-08-22,10.05,10.2,10.03,10.13,182919
2002-08-23,10.13,10.15,10.05,10.06,105675
2002-08-26,10.01,10.05,9.95,9.95,92700
2002-08-27,9.9,10.24,9.9,10.15,165953
2002-08-28,10.15,10.33,10.1,10.33,746369
2002-08-29,10.45,10.45,10.24,10.26,358422
2002-08-30,10.26,10.32,10.25,10.29,204547
2002-09-02,10.29,10.29,10.18,10.25,96555
2002-09-03,10.2,10.27,10.15,10.18,91456
2002-09-04,10.2,10.24,10.1,10.17,66757
2002-09-05,10.16,10.16,9.98,9.98,114888
2002-09-06,10.0,10.13,10.0,10.03,97233
2002-09-09,10.0,10.0,9.9,9.91,83400
2002-09-10,9.91,10.0,9.91,9.93,39147
2002-09-11,9.9,9.91,9.65,9.7,146181
2002-09-12,9.7,9.8,9.7,9.76,75384
2002-09-13,9.71,9.81,9.71,9.79,48513
2002-09-16,9.77,9.77,9.58,9.63,44170
2002-09-17,9.63,9.95,9.6,9.67,50058
2002-09-18,9.66,9.66,9.51,9.53,41844
2002-09-19,9.5,9.68,9.5,9.67,108631
2002-09-20,9.68,9.7,9.55,9.62,54220
2002-09-23,9.48,9.7,9.48,9.6,47900
2002-09-24,9.58,9.61,9.54,9.55,56400
2002-09-25,9.55,9.68,9.55,9.65,47046
2002-09-26,9.06,10.14,9.06,9.59,70086
2002-09-27,9.52,9.78,9.52,9.68,68437
2002-10-08,9.7,9.7,9.57,9.61,64881
2002-10-09,9.61,9.61,9.45,9.45,64800
2002-10-10,9.31,9.46,9.28,9.29,66094
2002-10-11,9.3,9.33,9.2,9.21,71056
2002-10-14,9.15,9.2,9.0,9.09,115090
2002-10-15,9.11,9.12,9.05,9.05,65807
2002-10-16,9.14,9.31,9.09,9.23,85753
2002-10-17,9.2,9.2,9.06,9.06,81600
2002-10-18,9.04,9.15,8.99,9.08,72092
2002-10-21,9.08,9.14,9.05,9.12,43635
2002-10-22,9.12,9.29,9.12,9.25,52386
2002-10-23,9.35,9.35,9.18,9.23,55358
2002-10-24,9.25,9.25,9.1,9.18,68557
2002-10-25,9.2,9.25,9.1,9.21,66632
2002-10-28,9.25,9.3,9.15,9.2,91095
2002-10-29,9.33,9.35,9.05,9.18,36859
2002-10-30,9.1,9.15,9.06,9.09,39800
2002-10-31,9.1,9.18,9.1,9.11,34559
2002-11-01,9.02,9.2,9.02,9.16,45632
2002-11-04,9.17,9.25,9.17,9.23,50834
2002-11-05,9.25,9.4,9.24,9.4,121847
2002-11-06,9.4,9.4,9.32,9.36,51976
2002-11-07,9.35,9.36,9.21,9.25,80000
2002-11-08,9.4,9.4,9.07,9.09,102052
2002-11-11,9.0,9.09,8.98,9.02,84879
2002-11-12,9.0,9.38,8.81,8.85,219273
2002-11-13,8.83,8.83,8.49,8.7,205766
2002-11-14,8.72,8.73,8.5,8.5,89575
2002-11-15,8.55,8.76,8.5,8.59,124200
2002-11-18,8.7,8.7,8.5,8.56,63079
2002-11-19,8.6,8.63,8.5,8.6,74466
2002-11-20,8.61,8.61,8.29,8.3,130200
2002-11-21,8.1,8.2,7.82,7.9,233403
2002-11-22,7.9,7.99,7.72,7.91,158519
2002-11-25,7.99,7.99,7.83,7.88,96049
2002-11-26,7.96,7.99,7.72,7.72,131500
2002-11-27,7.7,7.72,7.51,7.72,146541
2002-11-28,7.78,7.95,7.65,7.94,126163
2002-11-29,8.01,8.25,8.0,8.16,338054
2002-12-02,8.25,8.25,7.86,7.86,136706
2002-12-03,7.7,8.27,7.7,8.17,1424205
2002-12-04,8.15,8.66,8.1,8.41,2853696
2002-12-05,8.31,8.43,8.29,8.34,406048
2002-12-06,8.21,8.36,8.13,8.17,279228
2002-12-09,8.17,8.3,8.17,8.26,123737
2002-12-10,8.26,8.52,8.24,8.24,212500
2002-12-11,8.24,8.32,8.17,8.31,224399
2002-12-12,8.4,8.47,8.26,8.35,160179
2002-12-13,8.3,8.44,8.2,8.38,145241
2002-12-16,8.35,8.44,8.3,8.41,199951
2002-12-17,8.35,8.48,8.31,8.47,129385
2002-12-18,8.47,8.51,8.33,8.33,153000
2002-12-19,8.33,8.33,8.21,8.3,146121
2002-12-20,8.26,8.58,8.23,8.55,361360
2002-12-23,8.61,8.88,8.6,8.68,850226
2002-12-24,8.69,8.73,8.58,8.73,133553
2002-12-25,8.7,8.75,8.58,8.59,157300
2002-12-26,8.58,8.58,8.25,8.25,235233
2002-12-27,8.18,8.3,8.05,8.22,196090
2002-12-30,8.06,8.13,8.02,8.04,142827
2002-12-31,8.1,8.13,7.74,7.79,122318
2003-01-02,7.8,7.99,7.77,7.8,137290
2003-01-03,7.75,7.92,7.6,7.88,79789
2003-01-06,7.81,8.08,7.81,8.07,88066
2003-01-07,8.07,8.12,7.95,8.0,86555
2003-01-08,7.81,8.19,7.81,8.19,92753
2003-01-09,8.22,8.38,8.1,8.3,303077
2003-01-10,8.3,8.3,8.14,8.15,256450
2003-01-13,8.11,8.25,8.1,8.23,170574
2003-01-14,8.18,8.68,8.18,8.57,561054
2003-01-15,8.56,8.79,8.44,8.55,440734
2003-01-16,8.51,8.61,8.44,8.6,443760
2003-01-17,8.62,8.9,8.54,8.84,663613
2003-01-20,8.81,9.14,8.52,9.04,711296
2003-01-21,9.25,9.25,8.7,8.75,467292
2003-01-22,8.65,8.79,8.63,8.67,183566
2003-01-23,8.64,8.75,8.46,8.47,201770
2003-01-24,8.47,8.58,8.37,8.58,159991
2003-01-27,8.7,8.7,8.62,8.64,147007
2003-01-28,8.6,8.75,8.6,8.66,119568
2003-01-29,8.66,8.75,8.66,8.69,167100
2003-02-10,8.7,8.74,8.62,8.72,119356
2003-02-11,8.7,8.85,8.7,8.8,193891
2003-02-12,8.82,8.9,8.75,8.88,151266
2003-02-13,8.81,8.95,8.81,8.85,276823
2003-02-14,8.85,8.85,8.68,8.72,379495
2003-02-17,8.8,8.87,8.72,8.75,161223
2003-02-18,8.7,8.73,8.62,8.65,168730
2003-02-19,8.6,8.68,8.58,8.65,250896
2003-02-20,8.72,8.76,8.65,8.7,516469
2003-02-21,8.72,8.74,8.55,8.56,368620
2003-02-24,8.5,8.6,8.4,8.5,328568
2003-02-25,8.5,8.85,8.48,8.83,1526619
2003-02-26,8.83,8.88,8.71,8.8,765921
2003-02-27,8.85,8.88,8.7,8.74,355663
2003-02-28,8.73,8.8,8.65,8.7,229145
2003-03-03,8.7,8.8,8.67,8.79,232777
2003-03-04,8.79,8.79,8.72,8.75,171177
2003-03-05,8.74,8.77,8.7,8.76,233180
2003-03-06,8.73,8.73,8.59,8.65,322836
2003-03-07,8.62,8.65,8.48,8.48,222600
2003-03-10,8.45,8.46,8.25,8.25,268400
2003-03-11,8.26,8.3,8.2,8.23,207992
2003-03-12,8.23,8.29,8.19,8.25,170515
2003-03-13,8.25,8.28,8.15,8.15,226419
2003-03-14,8.15,8.2,8.1,8.14,172078
2003-03-17,8.2,8.2,8.0,8.04,223806
2003-03-18,8.06,8.18,8.02,8.03,207803
2003-03-19,8.0,8.1,7.96,8.08,145938
2003-03-20,8.08,8.08,8.01,8.05,92530
2003-03-21,8.12,8.14,8.01,8.1,274875
2003-03-24,8.1,8.16,8.08,8.12,311998
2003-03-25,8.12,8.12,7.9,7.99,149445
2003-03-26,7.93,8.0,7.91,7.93,119300
2003-03-27,7.92,8.18,7.92,8.14,439515
2003-03-28,8.17,8.34,8.1,8.31,1021058
2003-03-31,8.32,8.6,8.32,8.52,2597472
2003-04-01,8.52,8.55,8.43,8.53,861375
2003-04-02,8.53,8.53,8.44,8.48,377151
2003-04-03,8.5,8.64,8.45,8.51,482862
2003-04-04,8.5,8.55,8.42,8.48,387730
2003-04-07,8.44,8.48,8.33,8.36,315242
2003-04-08,8.36,8.4,8.26,8.38,359150
2003-04-09,8.37,8.5,8.32,8.49,631211
2003-04-10,8.5,8.73,8.5,8.69,1195508
2003-04-11,8.7,8.85,8.62,8.79,960318
2003-04-14,8.75,9.0,8.75,8.91,1667169
2003-04-15,8.98,9.0,8.79,8.92,1026409
2003-04-16,8.95,8.98,8.66,8.67,1334565
2003-04-17,8.65,8.77,8.6,8.69,733955
2003-04-18,8.69,8.8,8.55,8.78,697506
2003-04-21,8.7,8.7,8.49,8.61,573225
2003-04-22,8.56,8.65,8.53,8.58,279320
2003-04-23,8.58,8.58,8.3,8.34,450055
2003-04-24,8.28,8.36,8.16,8.18,587797
2003-04-25,8.12,8.25,8.09,8.11,453657
2003-04-28,8.08,8.33,8.01,8.33,462797
2003-04-29,8.28,8.3,8.05,8.21,220692
2003-04-30,8.26,8.35,8.18,8.24,460997
2003-05-12,8.26,8.47,8.21,8.43,329007
2003-05-13,8.67,8.67,8.1,8.15,523040
2003-05-14,8.15,8.6,8.15,8.6,647154
2003-05-15,8.6,8.92,8.5,8.81,1649404
2003-05-16,8.78,8.9,8.62,8.8,749513
2003-05-19,8.79,8.85,8.66,8.73,708983
2003-05-20,8.73,8.75,8.57,8.64,504947
2003-05-21,8.64,8.77,8.62,8.73,470354
2003-05-22,8.72,9.05,8.66,8.95,2461089
2003-05-23,8.96,9.25,8.96,9.05,3772431
2003-05-26,9.13,9.22,9.0,9.06,1512408
2003-05-27,9.1,9.1,8.9,9.01,972458
2003-05-28,8.97,9.16,8.91,8.96,1071535
2003-05-29,8.98,9.08,8.8,9.08,1084707
2003-05-30,9.08,9.35,9.03,9.32,2125917
2003-06-03,9.3,9.34,9.21,9.23,1281228
2003-06-04,9.19,9.19,8.9,9.08,694211
2003-06-05,9.08,9.1,8.91,8.94,442749
2003-06-06,8.94,8.94,8.7,8.72,558372
2003-06-09,8.72,8.79,8.63,8.67,394200
2003-06-10,8.7,8.79,8.7,8.75,206969
2003-06-11,8.77,8.96,8.75,8.95,280652
2003-06-12,8.96,8.96,8.83,8.91,335820
2003-06-13,8.91,8.99,8.85,8.97,309918
2003-06-16,8.97,9.03,8.85,8.87,132398
2003-06-17,8.83,8.86,8.71,8.73,193621
2003-06-18,8.71,8.81,8.71,8.74,207708
2003-06-19,8.75,8.8,8.4,8.53,409700
2003-06-20,8.55,8.85,8.54,8.76,801586
2003-06-23,8.7,8.7,8.55,8.59,291878
2003-06-24,8.58,8.71,8.57,8.65,152744
2003-06-25,8.68,8.7,8.6,8.61,104220
2003-06-26,8.55,8.69,8.45,8.62,243362
2003-06-27,8.66,8.66,8.47,8.47,100745
2003-06-30,8.48,8.52,8.45,8.47,153440
2003-07-01,8.48,8.55,8.4,8.4,163972
2003-07-02,8.37,8.5,8.35,8.47,207989
2003-07-03,8.47,8.5,8.41,8.45,149850
2003-07-04,8.46,8.54,8.45,8.54,126913
2003-07-07,8.5,8.54,8.46,8.51,94610
2003-07-08,8.55,8.6,8.51,8.6,121711
2003-07-09,8.62,8.67,8.4,8.43,174462
2003-07-10,8.49,8.62,8.49,8.58,304313
2003-07-11,8.6,8.6,8.48,8.49,220831
2003-07-14,8.45,8.53,8.45,8.48,134518
2003-07-15,8.45,8.5,8.36,8.41,205840
2003-07-16,8.45,8.78,8.45,8.72,710543
2003-07-17,8.74,8.76,8.55,8.72,592212
2003-07-18,8.75,8.75,8.51,8.55,268400
2003-07-21,8.5,8.5,8.28,8.38,379518
2003-07-22,8.36,8.48,8.32,8.38,218501
2003-07-23,8.43,8.47,8.38,8.42,91370
2003-07-24,8.42,8.43,8.3,8.3,235290
2003-07-25,8.3,8.3,8.13,8.14,239400
2003-07-28,8.14,8.2,8.06,8.17,152757
2003-07-29,8.28,8.35,8.25,8.3,113057
2003-07-30,8.28,8.3,8.21,8.29,97685
2003-07-31,8.29,8.3,8.2,8.22,139525
2003-08-01,8.25,8.43,8.19,8.42,199203
2003-08-04,8.35,8.49,8.28,8.38,296309
2003-08-05,8.45,8.54,8.39,8.51,382391
2003-08-06,8.47,8.5,8.4,8.44,257955
2003-08-07,8.42,8.42,8.29,8.31,133151
2003-08-11,8.2,8.32,8.18,8.26,109869
2003-08-12,8.21,8.35,8.2,8.32,100645
2003-08-13,8.29,8.39,8.28,8.3,236762
2003-08-14,8.3,8.4,8.3,8.35,184138
2003-08-15,8.31,8.5,8.31,8.47,238920
2003-08-18,8.51,8.52,8.43,8.44,159835
2003-08-19,8.42,8.45,8.35,8.36,106000
2003-08-20,8.36,8.43,8.28,8.3,110029
2003-08-21,8.3,8.33,8.27,8.33,73762
2003-08-22,8.3,8.4,8.3,8.34,112775
2003-08-25,8.34,8.34,8.16,8.25,147113
2003-08-26,8.2,8.22,8.16,8.21,262438
2003-08-27,8.2,8.3,8.11,8.19,258710
2003-08-28,8.16,8.27,8.11,8.11,237575
2003-08-29,8.11,8.13,8.06,8.13,318169
2003-09-01,8.14,8.3,8.11,8.26,238045
2003-09-02,8.3,8.3,8.2,8.28,174536
2003-09-03,8.1,8.31,8.1,8.3,200632
2003-09-04,8.29,8.32,8.26,8.29,156681
2003-09-05,8.25,8.47,8.16,8.35,464304
2003-09-08,8.28,8.48,8.2,8.47,388232
2003-09-09,8.47,8.5,8.32,8.46,317369
2003-09-10,8.4,8.47,8.35,8.46,171781
2003-09-11,8.46,8.63,8.42,8.55,541847
2003-09-12,8.56,8.66,8.4,8.52,613008
2003-09-15,8.5,8.53,8.34,8.52,271970
2003-09-16,8.5,8.68,8.42,8.68,522525
2003-09-17,8.72,8.72,8.5,8.51,241583
2003-09-18,8.51,8.55,8.42,8.55,322528
2003-09-19,8.55,8.75,8.55,8.68,330105
2003-09-22,8.72,8.72,8.6,8.65,262175
2003-09-23,8.63,8.85,8.0,8.78,704309
2003-09-24,8.71,8.88,8.71,8.85,797088
2003-09-25,8.85,8.85,8.72,8.75,512904
2003-09-26,8.74,8.85,8.7,8.8,884828
2003-09-29,8.8,8.86,8.77,8.81,596077
2003-09-30,8.81,8.85,8.56,8.8,659081
2003-10-08,8.7,8.78,8.62,8.68,423506
2003-10-09,8.68,9.05,8.68,8.92,1683018
2003-10-10,8.9,9.15,8.88,9.15,2481928
2003-10-13,9.16,9.21,9.0,9.07,1153763
2003-10-14,9.08,9.15,8.99,9.14,762299
2003-10-15,9.12,9.26,8.9,8.91,889482
2003-10-17,8.8,9.07,8.75,8.97,779393
2003-10-20,8.95,9.08,8.84,9.0,628729
2003-10-21,9.02,9.05,8.84,8.95,522056
2003-10-22,8.95,9.18,8.9,9.12,669774
2003-10-23,9.15,9.19,9.0,9.0,388011
2003-10-24,9.02,9.02,8.74,8.76,1142800
2003-10-27,8.7,8.81,8.69,8.78,707959
2003-10-28,8.71,9.05,8.71,9.02,778624
2003-10-29,9.02,9.04,8.79,8.98,746111
2003-10-30,8.99,8.99,8.78,8.89,503293
2003-10-31,8.85,9.1,8.85,9.03,1034291
2003-11-03,9.04,9.11,8.9,9.11,475482
2003-11-04,9.16,9.42,9.09,9.26,2222371
2003-11-05,9.25,9.38,9.15,9.27,1155848
2003-11-06,9.3,9.3,8.96,9.01,2900596
2003-11-07,9.0,9.0,8.75,8.85,1447689
2003-11-10,8.75,8.96,8.75,8.96,430374
2003-11-11,8.95,8.95,8.61,8.67,1680264
2003-11-12,8.65,8.65,8.38,8.49,1047728
2003-11-13,8.4,8.7,8.4,8.67,577646
2003-11-14,8.9,8.9,8.63,8.68,650187
2003-11-18,8.3,8.55,8.27,8.34,1437377
2003-11-19,8.3,8.4,8.29,8.3,1182138
2003-11-20,8.28,8.63,8.28,8.58,640705
2003-11-21,8.59,8.77,8.4,8.43,730497
2003-11-24,8.4,8.67,8.35,8.67,500034
2003-11-25,8.71,8.89,8.55,8.68,1042497
2003-11-26,8.67,8.83,8.6,8.79,797908
2003-11-27,8.8,8.85,8.72,8.75,387223
2003-11-28,8.75,8.89,8.73,8.86,488062
2003-12-01,8.9,9.0,8.81,8.99,827454
2003-12-02,9.01,9.06,8.88,8.93,747132
2003-12-03,8.93,8.95,8.76,8.81,1009200
2003-12-04,8.82,9.1,8.82,9.03,808491
2003-12-05,9.03,9.32,9.03,9.2,2051444
2003-12-08,9.22,9.43,9.2,9.29,2224815
2003-12-09,9.29,9.34,9.18,9.3,700527
2003-12-10,9.32,9.37,9.19,9.29,1126213
2003-12-11,9.33,9.36,9.23,9.31,900503
2003-12-12,9.28,9.85,9.2,9.79,4060243
2003-12-15,9.79,9.94,9.72,9.8,1716207
2003-12-16,9.8,9.8,9.5,9.78,2637962
2003-12-17,9.78,10.06,9.66,9.71,2317052
2003-12-18,9.66,9.99,9.65,9.98,1591181
2003-12-19,10.0,10.34,9.93,10.02,3164258
2003-12-22,9.8,10.32,9.8,10.29,2924228
2003-12-23,10.35,10.48,10.2,10.35,1911958
2003-12-24,10.35,10.55,10.25,10.5,1108157
2003-12-25,10.49,10.73,10.45,10.72,1596172
2003-12-26,10.8,11.0,10.72,10.88,1654102
2003-12-30,10.75,11.29,10.7,10.79,7435867
2003-12-31,10.79,11.0,10.6,10.81,4792628
2004-01-02,10.7,10.95,10.62,10.84,957168
2004-01-05,10.86,11.55,10.78,11.44,3082389
2004-01-06,11.49,11.54,11.32,11.42,1264501
2004-01-07,11.4,11.58,11.25,11.39,1845588
2004-01-08,11.38,11.54,11.3,11.47,1465578
2004-01-09,11.6,12.08,11.4,11.45,3514180
2004-01-12,11.46,11.97,11.46,11.92,2610758
2004-01-13,12.0,12.21,11.92,12.19,2569525
2004-01-14,12.2,12.39,12.0,12.06,1349479
2004-01-15,12.04,12.27,11.83,11.94,1480701
2004-01-16,11.94,12.0,11.61,11.72,1380757
2004-01-29,11.72,12.18,11.72,11.91,1138819
2004-01-30,11.9,11.9,11.4,11.5,2457376
2004-02-02,11.6,11.85,11.4,11.51,1472152
2004-02-03,11.5,11.57,11.29,11.51,1378708
2004-02-04,11.55,12.66,11.55,12.55,3820399
2004-02-05,12.6,13.3,12.4,13.03,3447564
2004-02-06,12.98,13.3,12.61,12.64,2641645
2004-02-09,12.64,12.79,12.58,12.69,1157721
2004-02-10,12.66,12.69,12.21,12.36,2836150
2004-02-11,12.3,12.49,12.16,12.48,1607208
2004-02-12,12.49,12.66,12.19,12.29,877356
2004-02-13,12.28,12.5,12.09,12.48,762979
2004-02-16,12.42,12.7,12.4,12.63,698627
2004-02-17,12.63,12.78,12.4,12.5,650479
2004-02-18,12.51,12.6,12.31,12.42,717328
2004-02-19,12.45,12.92,12.45,12.8,1331963
2004-02-20,12.81,12.83,12.4,12.6,609546
2004-02-23,12.6,12.75,12.0,12.04,1908098
2004-02-24,12.45,12.45,11.89,12.19,1339228
2004-02-25,11.81,12.2,11.78,11.78,1360147
2004-02-26,11.73,11.73,11.51,11.68,1018370
2004-02-27,11.7,12.15,11.7,12.01,1264605
2004-03-01,12.0,12.31,11.9,12.3,1309761
2004-03-02,12.27,12.57,12.01,12.46,2672407
2004-03-03,12.45,12.75,12.16,12.32,1158686
2004-03-04,12.3,12.3,12.03,12.16,590940
2004-03-05,12.16,12.18,11.99,12.07,424100
2004-03-08,12.07,12.07,11.58,11.6,546427
2004-03-09,11.59,11.88,11.46,11.49,621650
2004-03-10,11.52,12.06,11.5,12.04,1117492
2004-03-11,12.17,12.35,12.05,12.1,2065969
2004-03-12,12.06,12.3,11.9,12.11,1196477
2004-03-15,12.36,12.38,12.1,12.23,1445490
2004-03-16,12.25,12.65,12.25,12.45,2442358
2004-03-17,12.44,12.55,12.15,12.29,585989
2004-03-18,12.29,12.33,11.94,12.1,695591
2004-03-19,12.08,12.32,11.88,12.26,887808
2004-03-22,12.24,12.29,12.15,12.21,549907
2004-03-23,12.25,12.67,12.22,12.54,3541129
2004-03-24,12.5,12.6,12.32,12.5,968769
2004-03-25,12.5,12.8,12.4,12.74,3151896
2004-03-26,12.73,13.08,12.73,12.81,2734085
2004-03-29,12.78,13.07,12.7,12.8,1881923
2004-03-30,12.8,13.16,12.71,12.91,2947199
2004-03-31,12.87,13.1,12.8,12.9,1094464
2004-04-01,12.9,12.99,12.69,12.84,1013402
2004-04-02,12.84,13.35,12.84,13.17,3099951
2004-04-05,13.25,13.56,13.25,13.43,2041370
2004-04-06,13.4,13.48,13.16,13.44,1088860
2004-04-07,13.53,13.55,13.1,13.15,1514047
2004-04-08,13.1,13.35,12.85,13.21,1541715
2004-04-09,13.15,13.21,12.5,12.73,1617573
2004-04-12,12.65,12.95,12.52,12.82,1160681
2004-04-13,12.82,13.0,12.58,12.61,1529656
2004-04-14,12.55,12.6,12.1,12.2,1545536
2004-04-15,12.4,12.4,12.05,12.2,739858
2004-04-16,12.2,12.4,12.0,12.39,684406
2004-04-19,12.4,12.84,12.3,12.65,1187422
2004-04-20,12.65,12.85,12.45,12.6,547798
2004-04-21,12.6,12.6,12.15,12.38,968870
2004-04-22,12.3,12.6,12.25,12.57,535791
2004-04-23,12.6,12.78,12.42,12.55,564878
2004-04-26,12.55,12.85,12.55,12.85,1411685
2004-04-27,12.84,12.88,12.62,12.65,1034843
2004-04-28,12.51,12.62,12.0,12.3,1050151
2004-04-29,12.3,12.48,12.08,12.18,573420
2004-04-30,12.18,12.3,12.06,12.2,353526
2004-05-10,12.15,12.46,11.4,11.67,875708
2004-05-11,11.5,11.62,10.98,11.12,1131687
2004-05-12,11.08,11.4,11.02,11.4,392099
2004-05-13,11.42,11.56,11.26,11.48,556505
2004-05-14,11.48,11.48,11.1,11.19,299866
2004-05-17,11.17,11.2,10.7,10.73,579198
2004-05-18,10.7,10.94,10.31,10.75,728151
2004-05-19,10.85,11.3,10.85,11.11,534046
2004-05-20,11.1,11.26,10.92,11.05,371732
2004-05-21,11.15,11.22,11.05,11.1,204609
2004-05-24,11.1,11.28,10.98,11.11,227292
2004-05-25,11.11,11.15,10.61,10.91,273838
2004-05-26,10.91,11.09,10.7,11.07,403035
2004-05-27,11.07,11.3,10.97,11.24,304035
2004-05-28,11.2,11.32,11.09,11.15,203998
2004-06-01,11.16,11.59,11.16,11.56,787023
2004-06-02,11.72,11.88,11.48,11.55,1062178
2004-06-03,11.43,11.43,11.23,11.35,279807
2004-06-04,11.35,11.47,11.05,11.44,709725
2004-06-07,11.46,11.46,11.3,11.35,519910
2004-06-08,11.3,11.34,11.0,11.06,812967
2004-06-09,11.04,11.1,10.55,10.58,1224445
2004-06-10,10.58,10.8,10.58,10.73,696193
2004-06-11,10.86,10.95,10.7,10.71,224700
2004-06-14,10.6,10.83,10.35,10.41,552138
2004-06-15,10.35,10.65,10.35,10.5,431639
2004-06-16,10.5,10.75,10.45,10.7,280139
2004-06-17,10.8,10.8,10.42,10.42,238519
2004-06-18,10.4,10.54,10.19,10.25,348158
2004-06-21,10.27,10.35,10.15,10.25,294360
2004-06-22,10.3,10.64,10.16,10.51,374601
2004-06-23,10.4,10.65,10.26,10.56,288162
2004-06-24,10.56,10.72,10.42,10.7,523051
2004-06-25,10.59,10.59,10.18,10.2,563358
2004-06-28,10.1,10.16,9.62,9.65,544872
2004-06-29,9.68,9.88,9.65,9.85,1026265
2004-06-30,9.85,10.09,9.8,10.01,384042
2004-07-01,9.9,10.4,9.74,10.28,899828
2004-07-02,10.3,10.47,10.2,10.36,930410
2004-07-05,10.45,10.45,10.2,10.35,128620
2004-07-06,10.58,10.58,10.2,10.21,443860
2004-07-07,10.2,10.2,10.01,10.02,251464
2004-07-08,10.0,10.21,10.0,10.15,214682
2004-07-09,10.25,10.25,9.98,10.09,192660
2004-07-12,10.1,10.1,9.87,10.0,295811
2004-07-13,10.03,10.03,9.9,10.0,210566
2004-07-14,10.05,10.22,9.9,10.19,237830
2004-07-15,10.15,10.2,9.79,9.9,1155431
2004-07-16,9.95,10.89,9.9,10.76,2358495
2004-07-19,10.7,10.9,10.56,10.8,1177632
2004-07-20,10.8,10.82,10.6,10.72,397526
2004-07-21,10.72,10.9,10.7,10.77,691725
2004-07-22,10.9,10.9,10.37,10.41,976040
2004-07-23,10.36,10.5,10.3,10.49,626703
2004-07-26,10.48,10.8,10.47,10.53,749634
2004-07-27,10.53,10.92,10.0,10.91,1290777
2004-07-28,10.91,11.16,10.8,11.02,1194163
2004-07-29,11.03,11.19,10.95,11.11,806016
2004-07-30,11.11,11.13,10.92,11.05,588420
2004-08-02,11.0,11.04,10.8,10.85,306000
2004-08-03,10.8,10.9,10.7,10.85,279724
2004-08-04,10.76,11.2,10.7,11.05,809594
2004-08-05,11.0,11.0,10.66,10.69,649365
2004-08-06,10.69,10.7,10.45,10.55,421641
2004-08-09,10.68,10.84,10.58,10.8,431576
2004-08-10,10.61,10.82,10.6,10.7,510400
2004-08-11,10.6,10.7,10.51,10.67,345312
2004-08-12,10.65,10.65,10.42,10.53,151985
2004-08-13,10.5,10.67,10.5,10.6,104809
2004-08-16,10.6,10.7,10.41,10.53,129014
2004-08-17,10.5,10.73,10.46,10.7,185244
2004-08-18,10.7,10.92,10.68,10.81,293713
2004-08-19,10.81,10.81,10.49,10.6,393459
2004-08-20,10.5,10.75,10.48,10.74,286355
2004-08-23,10.72,10.74,10.28,10.3,679225
2004-08-24,10.3,10.49,10.19,10.31,328512
2004-08-25,10.32,10.4,10.19,10.22,222782
2004-08-26,10.18,10.42,10.18,10.4,345165
2004-08-27,10.4,10.4,10.17,10.18,156357
2004-08-30,10.11,10.11,9.95,10.0,249698
2004-08-31,10.18,10.44,10.17,10.21,438921
2004-09-01,10.28,10.32,10.06,10.25,264900
2004-09-02,10.11,10.28,9.87,10.08,422292
2004-09-03,10.14,10.2,10.04,10.15,304988
2004-09-06,10.1,10.18,10.07,10.09,257980
2004-09-07,10.1,10.35,10.01,10.06,96900
2004-09-08,10.2,10.2,10.0,10.03,69297
2004-09-10,9.9,9.9,9.65,9.73,260218
2004-09-13,9.6,9.6,9.19,9.26,498812
2004-09-14,9.23,9.59,9.23,9.45,224928
2004-09-15,9.45,10.05,9.36,9.95,1018904
2004-09-16,10.0,10.06,9.81,9.88,377209
2004-09-17,9.88,10.2,9.7,10.19,1695415
2004-09-20,10.16,10.7,10.16,10.68,1580950
2004-09-21,10.81,10.81,10.3,10.6,1765331
2004-09-22,10.58,10.58,10.36,10.4,873073
2004-09-23,10.4,10.67,10.29,10.63,712180
2004-09-24,10.7,11.15,10.59,10.84,3103773
2004-09-27,10.85,11.02,10.61,10.63,1119401
2004-09-28,10.62,10.81,10.53,10.8,1147592
2004-09-29,10.8,10.85,10.69,10.75,2014165
2004-09-30,10.16,10.16,9.91,10.1,641821
2004-10-08,10.0,10.15,9.68,10.15,1015580
2004-10-11,10.1,10.41,10.05,10.22,1229164
2004-10-12,10.17,10.17,9.95,10.01,1076643
2004-10-13,10.0,10.35,10.0,10.32,1718722
2004-10-14,10.32,10.33,10.0,10.04,1285134
2004-10-15,10.04,10.05,9.67,9.99,1091683
2004-10-18,9.86,9.95,9.6,9.81,440026
2004-10-19,9.78,10.02,9.75,9.89,1245724
2004-10-20,9.66,9.89,9.62,9.88,1298346
2004-10-21,9.87,10.23,9.75,10.15,833965
2004-10-22,10.23,10.71,10.12,10.66,2641599
2004-10-25,10.8,11.08,10.66,10.71,1226152
2004-10-26,10.75,10.96,10.51,10.95,1101362
2004-10-27,10.95,11.11,10.85,11.1,2436431
2004-10-28,10.98,11.0,10.5,10.6,2690865
2004-10-29,10.3,10.6,9.98,10.37,8823851
2004-11-01,10.35,10.61,10.1,10.4,2456061
2004-11-02,10.6,10.6,10.25,10.3,1143639
2004-11-03,10.32,10.47,10.22,10.25,3124799
2004-11-04,10.3,10.76,10.3,10.59,3992141
2004-11-05,10.6,10.86,10.5,10.68,2939687
2004-11-08,10.7,10.75,10.58,10.66,981947
2004-11-09,10.66,10.88,10.63,10.86,1258324
2004-11-10,10.86,11.49,10.8,11.39,3666670
2004-11-11,11.34,11.8,11.28,11.36,4222006
2004-11-12,11.37,11.68,11.35,11.55,3834998
2004-11-15,11.59,11.66,11.49,11.55,3855721
2004-11-16,11.6,12.14,11.6,12.11,6155501
2004-11-17,12.15,12.23,11.91,12.1,2633260
2004-11-18,12.09,12.38,12.0,12.22,2871758
2004-11-19,12.22,12.27,11.97,12.25,2351750
2004-11-22,12.25,12.25,11.96,11.99,2026939
2004-11-23,12.0,12.0,11.83,11.9,1886058
2004-11-24,11.88,12.02,11.76,11.94,1566908
2004-11-25,11.96,11.97,11.82,11.91,917625
2004-11-26,11.92,12.05,11.86,11.94,372464
2004-11-29,11.81,11.9,11.6,11.74,1231428
2004-11-30,11.72,11.8,11.66,11.72,645463
2004-12-01,11.66,11.87,11.66,11.82,347711
2004-12-02,11.85,11.85,11.68,11.7,824054
2004-12-03,11.71,11.72,11.46,11.58,1392298
2004-12-06,11.58,11.74,11.5,11.63,410900
2004-12-07,11.76,12.18,11.67,11.67,1305028
2004-12-08,11.76,11.88,11.6,11.67,1051371
2004-12-09,11.59,11.78,11.47,11.61,1120479
2004-12-10,11.65,12.02,11.65,11.88,2229905
2004-12-13,11.68,12.24,11.68,12.06,1768662
2004-12-14,12.05,12.12,11.96,12.02,305103
2004-12-15,12.05,12.18,11.8,11.89,1207825
2004-12-16,11.88,12.16,11.83,11.99,788939
2004-12-20,11.7,11.88,11.67,11.68,1189055
2004-12-21,11.65,11.83,11.57,11.71,827711
2004-12-22,11.7,12.04,11.68,12.03,475905
2004-12-23,12.03,12.04,11.78,11.79,366199
2004-12-24,11.8,12.0,11.8,11.91,950731
2004-12-27,12.05,12.14,11.85,11.98,768206
2004-12-28,11.98,12.29,11.92,12.28,1640756
2004-12-29,12.28,12.4,12.18,12.24,1098188
2004-12-30,12.18,12.29,12.11,12.18,2161734
2004-12-31,12.2,12.25,12.13,12.15,1127364
2005-01-04,12.13,12.14,11.7,12.0,2002139
2005-01-05,11.85,12.03,11.83,11.94,890194
2005-01-06,11.82,11.95,11.82,11.91,898699
2005-01-07,11.4,11.85,11.3,11.37,4393998
2005-01-10,11.38,11.6,11.22,11.6,1318579
2005-01-11,11.6,11.7,11.48,11.7,378905
2005-01-12,11.7,11.79,11.63,11.78,207338
2005-01-13,11.78,11.85,11.52,11.57,1432112
2005-01-14,11.47,11.7,11.46,11.5,408547
2005-01-17,11.4,11.45,11.31,11.37,362955
2005-01-18,11.35,11.48,10.95,11.11,1870650
2005-01-19,11.0,11.21,10.99,11.1,431650
2005-01-20,10.87,11.0,10.44,10.59,1415970
2005-01-21,10.4,10.91,10.4,10.9,452663
2005-01-24,10.98,11.2,10.7,10.9,847841
2005-01-25,10.88,11.08,10.71,11.0,546001
2005-01-26,10.95,11.1,10.87,10.98,635288
2005-01-27,11.03,11.03,10.7,10.73,382090
2005-01-28,10.72,10.74,10.09,10.28,1705853
2005-01-31,10.3,10.3,9.9,10.05,1351294
2005-02-01,9.9,10.2,9.9,10.0,1755149
2005-02-02,10.01,10.77,10.0,10.6,1352575
2005-02-03,10.67,10.88,10.5,10.59,1981659
2005-02-04,10.51,10.85,10.48,10.82,920032
2005-02-16,10.99,11.0,10.65,10.7,1111660
2005-02-17,10.73,10.95,10.73,10.95,502223
2005-02-18,11.0,11.35,10.95,10.95,1374042
2005-02-21,11.0,11.3,11.0,11.27,562654
2005-02-22,11.32,11.67,11.32,11.54,2127304
2005-02-23,11.53,11.6,11.37,11.4,1245002
2005-02-24,11.38,11.38,11.05,11.18,2233331
2005-02-25,11.16,11.49,11.14,11.2,2967209
2005-02-28,11.2,11.25,10.7,10.85,3019966
2005-03-01,10.78,10.88,10.61,10.88,898233
2005-03-02,10.8,11.06,10.8,10.93,2369623
2005-03-03,10.9,10.93,10.58,10.78,1003652
2005-03-04,10.78,10.78,10.46,10.49,1015735
2005-03-07,10.55,10.63,10.48,10.59,783005
2005-03-08,10.61,10.89,10.57,10.85,2064317
2005-03-09,10.92,10.98,10.04,10.06,6375119
2005-03-10,9.9,9.9,9.05,9.39,16942487
2005-03-11,9.29,9.34,9.08,9.13,8180240
2005-03-14,9.1,9.28,8.77,9.17,5807074
2005-03-15,9.0,9.29,8.91,8.98,5335886
2005-03-16,8.97,8.97,8.19,8.25,8410061
2005-03-17,8.2,8.34,7.66,7.88,11805408
2005-03-18,7.9,8.04,7.8,7.99,5289869
2005-03-21,7.88,7.98,7.19,7.22,13540069
2005-03-22,7.14,7.34,7.08,7.25,7992615
2005-03-23,7.21,7.51,6.92,7.38,7989310
2005-03-24,7.35,7.67,7.25,7.65,7488998
2005-03-25,7.65,7.73,7.5,7.57,5084209
2005-03-28,7.54,7.55,7.28,7.43,2604271
2005-03-29,7.44,7.67,7.39,7.43,3488792
2005-03-30,7.43,7.43,7.2,7.25,3358171
2005-03-31,7.25,7.61,7.22,7.55,6317365
2005-04-01,7.51,7.96,7.43,7.86,6577611
2005-04-04,7.78,7.78,7.58,7.61,4526918
2005-04-05,7.6,7.63,7.29,7.29,2955870
2005-04-06,7.28,7.36,6.68,6.85,8755475
2005-04-07,6.82,7.14,6.8,7.11,7159577
2005-04-08,7.08,7.23,6.9,7.22,4403142
2005-04-11,7.22,7.44,7.08,7.26,4641701
2005-04-12,7.26,7.31,6.96,7.02,3466484
2005-04-13,7.11,7.72,7.1,7.72,11418612
2005-04-14,7.93,7.97,7.43,7.59,9599507
2005-04-15,7.53,7.58,7.26,7.41,4078189
2005-04-18,7.3,7.47,7.2,7.36,2700981
2005-04-19,7.35,7.42,7.0,7.16,3619276
2005-04-20,7.13,7.25,7.05,7.15,1668556
2005-04-21,7.14,7.19,6.8,6.9,2789051
2005-04-22,6.89,6.98,6.75,6.86,2395617
2005-04-25,6.8,6.8,6.17,6.26,3641130
2005-04-26,6.18,6.46,6.1,6.37,2257025
2005-04-27,6.4,6.48,6.2,6.25,1681367
2005-04-28,6.18,6.78,6.16,6.63,3169102
2005-04-29,6.53,7.02,6.5,6.82,4043925
2005-05-09,6.77,6.96,6.7,6.72,1400306
2005-05-10,6.7,6.88,6.61,6.86,1480903
2005-05-11,6.86,7.09,6.81,6.89,1994604
2005-05-12,6.87,6.89,6.61,6.64,1463243
2005-05-13,6.61,6.82,6.56,6.65,1440181
2005-05-16,6.6,6.65,6.41,6.46,1402552
2005-05-17,6.44,6.72,6.42,6.63,1266216
2005-05-18,6.65,6.79,6.62,6.75,1247989
2005-05-19,6.76,7.07,6.75,6.98,3187002
2005-05-20,6.98,7.08,6.89,7.01,2061542
2005-05-23,7.03,7.1,6.93,7.02,2269136
2005-05-24,7.02,7.08,6.8,6.97,1476866
2005-05-25,6.98,6.98,6.72,6.74,2800416
2005-05-26,6.73,6.77,6.63,6.74,1298856
2005-05-27,6.71,6.79,6.6,6.64,1268389
2005-05-31,6.64,6.79,6.64,6.67,974799
2005-06-01,6.67,6.73,6.39,6.44,913673
2005-06-02,6.43,6.43,6.15,6.19,1431991
2005-06-03,6.15,6.31,6.1,6.23,1022848
2005-06-06,6.22,6.37,6.17,6.36,927422
2005-06-07,6.38,6.47,6.28,6.31,2041056
2005-06-08,6.29,6.94,6.29,6.93,6032762
2005-06-09,6.98,7.48,6.9,7.26,8400142
2005-06-10,7.26,7.29,6.9,6.99,3301285
2005-06-13,6.99,7.28,6.93,7.21,2690488
2005-06-14,7.21,7.3,7.11,7.14,2975794
2005-06-15,7.08,7.16,6.92,7.1,2010968
2005-06-16,7.1,7.35,7.06,7.32,3515180
2005-06-17,7.38,7.44,7.23,7.3,1937510
2005-06-20,7.28,7.55,7.1,7.48,4771917
2005-06-21,7.48,7.5,7.23,7.24,1972594
2005-06-22,7.24,7.27,7.13,7.26,1336599
2005-06-23,7.3,7.41,7.13,7.17,1227889
2005-06-24,7.14,7.21,7.08,7.19,796909
2005-06-27,7.32,7.53,7.27,7.37,3079374
2005-06-28,7.35,7.48,7.21,7.45,2820685
2005-06-29,7.5,7.94,7.4,7.75,7892822
2005-06-30,7.7,7.77,7.56,7.62,3268907
2005-07-01,7.58,7.66,7.5,7.61,3230394
2005-07-04,7.53,7.55,7.14,7.41,3024448
2005-07-05,7.39,7.42,7.2,7.39,1172588
2005-07-06,7.36,7.49,7.21,7.4,1142908
2005-07-07,7.41,7.42,7.21,7.31,928961
2005-07-08,7.28,7.28,6.96,7.05,2072762
2005-07-11,7.03,7.25,6.95,6.98,1303071
2005-07-12,6.92,7.3,6.81,7.28,1537347
2005-07-13,7.25,7.31,7.11,7.22,912405
2005-07-14,7.12,7.3,7.12,7.22,696588
2005-07-15,7.2,7.27,7.02,7.04,1156900
2005-07-18,7.02,7.18,6.95,7.12,676304
2005-07-19,7.15,7.26,7.12,7.17,429986
2005-07-20,7.17,7.3,7.05,7.3,1010795
2005-07-21,7.3,7.3,7.2,7.25,608588
2005-07-22,7.3,7.54,7.28,7.48,2645565
2005-07-25,5.62,5.88,5.52,5.6,2501614
2005-07-26,5.6,5.77,5.49,5.77,3036815
2005-07-27,5.76,6.08,5.7,6.04,4567583
2005-07-28,6.04,6.15,5.94,6.06,4674671
2005-07-29,6.06,6.11,5.97,6.02,1723008
2005-08-01,6.02,6.1,5.95,5.99,1321878
2005-08-02,5.98,6.08,5.98,6.08,1287816
2005-08-03,6.08,6.17,6.05,6.09,3239473
2005-08-04,6.08,6.08,6.0,6.01,1574870
2005-08-05,6.0,6.08,5.9,6.04,3623122
2005-08-08,6.05,6.18,5.99,6.16,3282633
2005-08-09,6.2,6.42,6.15,6.39,4616569
2005-08-10,6.39,6.4,6.27,6.37,2728367
2005-08-11,6.35,6.5,6.27,6.41,2916852
2005-08-12,6.45,6.45,6.26,6.26,2624274
2005-08-15,6.24,6.48,6.2,6.39,2442519
2005-08-16,6.39,6.56,6.33,6.35,4873711
2005-08-17,6.33,6.64,6.29,6.59,5013335
2005-08-18,6.59,6.75,6.36,6.39,4332183
2005-08-19,6.34,6.4,6.13,6.2,3706623
2005-08-22,6.2,6.38,6.18,6.3,827722
2005-08-23,6.3,6.37,6.16,6.28,1211747
2005-08-24,6.29,6.34,6.19,6.22,1621625
2005-08-25,6.28,6.3,6.09,6.12,1827117
2005-08-26,6.12,6.19,6.08,6.14,1307005
2005-08-29,6.18,6.37,6.14,6.33,3308722
2005-08-30,6.33,6.46,6.24,6.29,3332436
2005-08-31,6.32,6.88,6.32,6.72,8870967
2005-09-01,6.87,7.22,6.7,6.81,15504850
2005-09-02,6.82,6.94,6.69,6.75,6835746
2005-09-05,6.7,6.85,6.66,6.81,5491434
2005-09-06,6.85,7.12,6.85,6.94,12947508
2005-09-07,6.96,7.39,6.93,7.38,11030049
2005-09-08,7.43,7.47,7.2,7.26,8064095
2005-09-09,7.26,7.33,7.07,7.09,7271012
2005-09-12,7.07,7.27,7.05,7.18,3250213
2005-09-13,7.2,7.4,7.11,7.35,4406659
2005-09-14,7.38,7.77,7.33,7.58,8479287
2005-09-15,7.56,7.66,7.42,7.56,3365197
2005-09-16,7.58,7.64,7.48,7.59,2642540
2005-09-19,7.6,7.98,7.57,7.92,6506291
2005-09-20,7.99,8.18,7.75,7.79,8302932
2005-09-21,7.78,7.87,7.48,7.49,6049569
2005-09-22,7.55,7.77,7.22,7.4,7208660
2005-09-23,7.42,7.84,7.42,7.69,5997303
2005-09-26,7.69,7.95,7.56,7.91,4456478
2005-09-27,7.85,8.01,7.55,7.58,5367815
2005-09-28,7.56,7.85,7.5,7.74,3589864
2005-09-29,7.74,8.07,7.72,7.99,7968153
2005-09-30,8.02,8.35,7.89,8.21,9006554
2005-10-10,8.25,8.36,7.98,8.14,6013228
2005-10-11,8.12,8.46,8.02,8.41,7773899
2005-10-12,8.45,8.56,8.27,8.39,5836401
2005-10-13,8.39,8.48,8.29,8.39,3739493
2005-10-14,8.39,8.44,8.05,8.08,5195677
2005-10-17,8.08,8.17,7.9,8.13,4108499
2005-10-18,8.11,8.43,8.09,8.23,4773683
2005-10-19,8.24,8.24,7.71,7.74,7736653
2005-10-20,7.73,7.74,7.38,7.61,6689873
2005-10-21,7.59,7.78,7.53,7.6,4029146
2005-10-24,7.59,7.76,7.45,7.69,2989878
2005-10-25,7.7,7.76,7.6,7.62,3525316
2005-10-26,7.57,7.57,7.09,7.16,5850780
2005-10-27,7.1,7.31,7.07,7.3,3583635
2005-10-28,7.34,7.6,7.29,7.48,8909110
2005-10-31,7.53,7.54,7.41,7.5,2507713
2005-11-01,7.59,7.59,7.28,7.45,2317491
2005-11-02,7.43,7.56,7.42,7.5,2804064
2005-11-03,7.52,7.56,7.21,7.26,3516887
2005-11-04,7.21,7.43,7.21,7.3,2074577
2005-11-07,7.29,7.4,7.1,7.38,2117292
2005-11-08,7.35,7.45,7.25,7.42,1164131
2005-11-09,7.42,7.58,7.36,7.49,2762621
2005-11-10,7.45,7.54,7.4,7.47,2429992
2005-11-11,7.45,7.53,7.26,7.31,2302401
2005-11-14,7.28,7.54,7.27,7.52,2263419
2005-11-15,7.54,7.71,7.46,7.6,3570478
2005-11-16,7.6,7.68,7.45,7.66,1271988
2005-11-17,7.81,7.89,7.61,7.66,2429979
2005-11-18,7.63,7.95,7.61,7.87,4516993
2005-11-21,7.9,8.02,7.85,7.91,2179246
2005-11-22,7.92,7.94,7.6,7.64,2404630
2005-11-23,7.53,7.69,7.53,7.61,931701
2005-11-24,7.66,7.73,7.59,7.61,1336847
2005-11-25,7.61,7.66,7.51,7.61,1062264
2005-11-28,7.57,7.88,7.57,7.8,1918137
2005-11-29,7.8,7.8,7.61,7.65,682506
2005-11-30,7.65,7.65,7.54,7.55,827556
2005-12-01,7.56,7.6,7.44,7.44,911049
2005-12-02,7.41,7.49,7.24,7.26,1494376
2005-12-05,7.2,7.32,6.94,6.95,2444353
2005-12-06,6.93,6.94,6.61,6.86,4986835
2005-12-07,6.85,7.11,6.8,7.0,3701344
2005-12-08,7.04,7.18,6.96,7.07,4257012
2005-12-09,7.08,7.2,7.0,7.2,2888255
2005-12-12,7.2,7.29,7.18,7.22,1937043
2005-12-13,7.2,7.23,7.06,7.13,3180692
2005-12-14,7.15,7.24,6.95,7.19,4449261
2005-12-15,7.28,7.29,7.08,7.12,2892714
2005-12-16,7.06,7.24,7.05,7.19,2448877
2005-12-19,7.18,7.19,7.08,7.15,2456241
2005-12-20,7.12,7.16,7.04,7.11,2023308
2005-12-21,7.1,7.12,6.86,6.89,2898862
2005-12-22,6.89,7.05,6.84,7.03,1702733
2005-12-23,7.05,7.22,7.0,7.2,3016667
2005-12-26,7.2,7.37,7.2,7.36,4134536
2005-12-27,7.38,7.43,7.32,7.37,3242805
2005-12-28,7.37,7.45,7.35,7.39,1946673
2005-12-29,7.44,7.44,7.29,7.39,2581653
2005-12-30,7.4,7.45,7.26,7.27,1600231
2006-01-04,7.21,7.75,7.18,7.69,5747340
2006-01-05,7.7,7.79,7.63,7.78,3991728
2006-01-06,7.78,8.06,7.73,7.9,5818325
2006-01-09,7.88,8.02,7.76,7.92,3186307
2006-01-10,7.93,8.14,7.85,8.08,3376902
2006-01-11,8.08,8.23,7.97,7.99,4493616
2006-01-12,8.0,8.17,7.85,8.17,3689256
2006-01-13,8.2,8.23,8.03,8.09,2391907
2006-01-16,8.1,8.12,7.66,7.69,5206403
2006-01-17,7.64,7.76,7.6,7.65,2372800
2006-01-18,7.64,7.87,7.64,7.83,4015448
2006-01-19,7.88,8.09,7.86,7.92,6750739
2006-01-20,7.92,8.35,7.92,8.28,8804961
2006-01-23,8.3,8.43,8.18,8.34,8229262
2006-01-24,8.3,8.66,8.21,8.58,7130573
2006-01-25,8.58,8.79,8.36,8.74,5890219
2006-02-06,8.88,8.88,8.61,8.74,3795749
2006-02-07,8.7,8.73,8.22,8.32,7229543
2006-02-08,8.3,8.43,8.16,8.2,6395399
2006-02-09,8.24,8.32,7.85,7.93,8085567
2006-02-10,7.93,8.06,7.82,8.06,6828521
2006-02-13,8.06,8.12,7.75,7.81,5539212
2006-02-14,7.81,7.96,7.8,7.94,3589769
2006-02-15,7.91,8.03,7.87,7.92,5039423
2006-02-16,7.95,7.96,7.57,7.6,6429594
2006-02-17,7.59,7.8,7.51,7.52,4667076
2006-02-20,7.51,7.7,7.49,7.57,5537290
2006-02-21,7.58,7.76,7.46,7.76,3716875
2006-02-22,7.78,7.82,7.6,7.6,4582730
2006-02-23,7.59,7.61,7.25,7.38,6052333
2006-02-24,7.4,7.52,7.39,7.5,2601895
2006-02-27,7.51,7.56,7.45,7.5,2389981
2006-02-28,7.53,7.84,7.5,7.8,8523534
2006-03-01,7.8,7.94,7.72,7.88,5817195
2006-03-02,7.85,7.89,7.5,7.62,4419274
2006-03-03,7.61,7.68,7.4,7.49,3371374
2006-03-30,8.24,8.24,8.24,8.24,3349304
2006-03-31,8.5,9.06,8.22,8.83,36766750
2006-04-03,8.78,9.71,8.71,9.7,16673596
2006-04-04,9.8,10.32,9.55,10.3,12220621
2006-04-05,10.2,10.25,9.85,10.07,5909731
2006-04-06,10.3,11.05,10.3,10.49,12857391
2006-05-08,10.49,11.54,9.69,11.33,31320829
2006-05-09,11.33,12.29,11.3,11.68,21189483
2006-05-10,11.69,12.0,11.35,11.61,14497744
2006-05-11,11.61,12.77,11.4,11.63,19477818
2006-05-12,11.61,12.24,11.4,12.0,15924093
2006-05-16,13.17,13.17,11.9,12.09,24441856
2006-05-17,12.09,12.6,11.3,11.75,13902903
2006-05-18,11.5,11.95,11.01,11.84,10561563
2006-05-19,11.78,13.02,11.77,13.02,18234091
2006-05-22,13.93,14.32,13.6,13.68,24376625
2006-05-23,13.55,14.28,12.9,13.7,18173337
2006-05-24,13.8,14.28,12.33,12.82,14960831
2006-05-25,12.65,12.91,12.12,12.56,7604293
2006-05-26,12.59,13.17,12.56,13.02,9066961
2006-05-29,13.11,13.26,12.68,12.95,6733342
2006-05-30,12.95,13.84,12.9,13.62,10938376
2006-05-31,13.6,13.91,13.1,13.3,9173732
2006-06-01,13.31,13.9,13.0,13.74,10617247
2006-06-02,13.8,13.87,12.65,12.72,14494150
2006-06-05,12.72,13.0,12.04,12.47,12398392
2006-06-06,12.44,12.7,12.17,12.33,5655183
2006-06-07,12.4,12.4,11.52,11.59,10629620
2006-06-08,11.39,11.74,11.12,11.41,5423781
2006-06-09,11.4,11.48,10.55,10.6,8915554
2006-06-12,10.5,10.92,10.26,10.92,5792541
2006-06-13,10.94,11.97,10.94,11.43,11767210
2006-06-14,11.43,11.81,11.31,11.49,8266289
2006-06-15,11.78,12.36,11.7,11.82,11730057
2006-06-16,11.85,12.18,11.65,12.04,6958848
2006-06-19,11.85,12.2,11.56,11.91,5791740
2006-06-20,11.73,11.94,11.7,11.84,4158758
2006-06-21,11.85,12.5,11.85,12.28,10002139
2006-06-22,12.22,12.23,11.8,11.92,4316296
2006-06-23,11.91,12.18,11.82,12.17,3552968
2006-06-26,12.19,12.67,12.0,12.56,7686683
2006-06-27,12.56,12.98,12.42,12.9,6736978
2006-06-28,12.9,13.0,12.56,12.6,4035266
2006-06-29,12.98,13.1,12.64,12.89,7028705
2006-07-03,12.92,13.37,12.74,13.24,7031145
2006-07-04,13.25,13.66,12.95,13.03,9830912
2006-07-05,12.95,13.15,12.67,12.82,6512114
2006-07-06,12.78,13.36,12.75,13.22,7608442
2006-07-07,13.28,13.8,13.28,13.59,12546995
2006-07-10,13.62,13.76,13.31,13.48,4149952
2006-07-11,13.46,14.16,13.33,13.95,8196081
2006-07-12,13.9,14.35,13.75,13.85,10454338
2006-07-13,13.7,13.7,12.47,12.7,12406154
2006-07-14,12.5,12.9,12.4,12.7,5006066
2006-07-17,12.6,12.75,12.4,12.49,4748351
2006-07-18,12.51,12.65,12.03,12.29,4570726
2006-07-19,12.32,12.46,12.01,12.1,4333618
2006-07-20,12.06,12.29,12.04,12.19,2312644
2006-07-21,12.15,12.39,12.15,12.35,1892787
2006-07-24,12.08,12.77,12.0,12.71,3445080
2006-07-25,12.65,13.24,12.62,13.0,4714140
2006-07-26,13.11,13.18,12.82,12.99,2455101
2006-07-27,13.1,13.24,12.72,12.81,4363943
2006-07-28,12.8,12.8,12.2,12.42,3176471
2006-07-31,12.25,12.4,11.61,11.64,3583937
2006-08-01,11.61,11.83,11.5,11.52,2154764
2006-08-02,11.56,11.67,10.94,11.38,4367867
2006-08-03,11.43,11.5,11.23,11.35,1693185
2006-08-04,11.47,11.5,10.76,10.8,3605421
2006-08-07,10.7,11.05,10.55,10.8,2544695
2006-08-08,10.9,11.16,10.8,11.15,1677497
2006-08-09,11.18,11.45,11.08,11.25,2155445
2006-08-10,11.2,11.34,11.15,11.28,1891441
2006-08-11,11.25,11.35,11.22,11.28,1357898
2006-08-14,11.22,11.24,10.41,10.51,2986782
2006-08-15,10.55,10.83,10.49,10.78,1454332
2006-08-16,10.94,11.07,10.71,11.07,1337566
2006-08-17,11.06,11.1,10.81,11.09,1209694
2006-08-18,11.07,11.09,10.8,10.9,1715024
2006-08-21,10.45,10.86,10.3,10.82,2796777
2006-08-22,10.85,11.46,10.82,11.3,4096814
2006-08-23,11.32,11.41,11.11,11.18,2074864
2006-08-24,11.22,11.29,11.02,11.25,1511764
2006-08-25,11.25,11.61,11.16,11.51,3785998
2006-08-28,11.54,11.87,11.54,11.8,4330180
2006-08-29,11.85,12.1,11.75,11.76,7362822
2006-08-30,11.7,11.85,11.53,11.66,3459457
2006-08-31,11.67,11.8,11.54,11.75,2638291
2006-09-01,11.85,11.86,11.2,11.46,2195341
2006-09-04,11.45,11.66,11.4,11.6,1186580
2006-09-05,11.6,11.66,11.4,11.44,2005074
2006-09-06,11.44,11.77,11.44,11.65,1801124
2006-09-07,11.7,11.74,11.41,11.43,1109151
2006-09-08,11.43,11.5,11.34,11.46,1093801
2006-09-11,11.46,11.6,11.24,11.45,1854443
2006-09-12,11.57,11.86,11.45,11.74,3941989
2006-09-13,11.8,12.23,11.73,11.89,7137833
2006-09-14,11.8,11.95,11.66,11.81,2046781
2006-09-15,11.82,12.1,11.76,12.05,3395764
2006-09-18,12.18,12.45,12.03,12.34,3418869
2006-09-19,12.4,12.61,12.12,12.39,3615965
2006-09-20,12.34,12.4,12.05,12.22,3447572
2006-09-21,12.16,12.27,12.03,12.16,3208552
2006-09-22,12.21,12.4,12.07,12.09,3603153
2006-09-25,12.0,12.3,11.83,12.14,2341444
2006-09-26,12.19,12.61,12.14,12.5,5396321
2006-09-27,12.48,12.74,12.4,12.62,3827015
2006-09-28,12.65,12.88,12.54,12.79,3290627
2006-09-29,12.81,13.48,12.81,13.28,9940904
2006-10-09,13.5,13.81,13.5,13.7,9610037
2006-10-10,13.63,14.18,13.45,13.77,6908726
2006-10-11,13.74,13.85,13.3,13.44,3742962
2006-10-12,13.34,13.42,12.82,12.93,4448380
2006-10-13,12.93,13.19,12.87,13.09,1722069
2006-10-16,13.07,13.08,12.66,12.7,3492819
2006-10-17,12.69,13.1,12.62,12.9,2057325
2006-10-18,12.9,13.15,12.81,13.12,2248831
2006-10-19,13.12,13.33,12.7,12.9,2984510
2006-10-20,12.91,13.0,12.82,12.9,7301489
2006-10-23,12.9,12.95,12.0,12.12,6616122
2006-10-24,12.11,12.42,12.11,12.39,2904661
2006-10-25,12.41,12.92,12.41,12.65,2542095
2006-10-26,12.75,12.87,12.3,12.48,2492880
2006-10-27,12.48,12.58,12.35,12.49,2161828
2006-10-30,12.45,12.53,12.15,12.31,2709519
2006-10-31,12.38,12.45,12.1,12.19,3940315
2006-11-01,12.26,12.6,12.26,12.5,4725884
2006-11-02,12.51,12.73,12.45,12.61,4343833
2006-11-03,12.64,12.94,12.6,12.9,3833415
2006-11-06,12.85,12.95,12.66,12.76,3205169
2006-11-07,12.71,12.72,12.19,12.34,3787554
2006-11-08,12.3,12.4,12.1,12.18,3801399
2006-11-09,12.18,12.29,11.83,11.9,8419218
2006-11-10,11.91,12.51,11.91,12.36,8110397
2006-11-13,12.3,12.42,11.78,11.92,2993891
2006-11-14,11.91,12.2,11.46,11.68,5777100
2006-11-15,11.67,12.2,11.67,12.1,3468642
2006-11-16,12.08,12.22,11.71,11.89,3299070
2006-11-17,11.8,12.08,11.8,11.93,3097611
2006-11-20,11.95,12.42,11.95,12.28,4745530
2006-11-21,12.3,12.99,12.18,12.92,8700595
2006-11-22,12.8,13.08,12.42,12.81,5436858
2006-11-23,12.83,13.0,12.59,12.7,5129708
2006-11-24,12.7,12.78,12.4,12.59,6254064
2006-11-27,12.58,13.25,12.5,13.19,6976516
2006-11-28,13.32,13.6,13.12,13.24,8706072
2006-11-29,12.96,13.53,12.81,13.36,5080255
2006-11-30,13.35,13.92,13.35,13.81,8803710
2006-12-01,13.8,14.02,13.56,13.83,8156060
2006-12-04,13.95,14.25,13.65,13.95,6993267
2006-12-05,14.05,14.18,13.55,13.62,8314808
2006-12-06,13.55,13.69,12.82,13.18,6606550
2006-12-07,13.14,13.31,12.96,12.99,6171681
2006-12-08,12.93,12.93,12.41,12.43,6243779
2006-12-11,12.38,12.98,12.38,12.95,4227293
2006-12-12,13.0,13.06,12.52,12.64,5359460
2006-12-13,12.5,13.05,12.5,12.9,4388248
2006-12-14,12.95,13.38,12.95,13.26,5167807
2006-12-15,13.35,13.71,13.21,13.65,6228028
2006-12-18,13.73,14.23,13.6,13.91,10593185
2006-12-19,13.98,14.09,13.38,13.68,6658498
2006-12-20,13.69,15.05,13.58,15.05,12980528
2006-12-21,15.66,15.88,14.75,14.89,18315209
2006-12-22,14.88,15.3,14.43,14.93,9380719
2006-12-25,14.9,15.4,14.85,15.25,7705152
2006-12-26,15.2,15.38,14.52,14.87,5529753
2006-12-27,14.89,15.3,14.48,15.28,6267995
2006-12-28,15.46,16.15,14.82,15.13,9347313
2006-12-29,15.12,15.48,14.68,14.95,11405753
2007-01-04,15.15,16.1,14.95,15.53,13990408
2007-01-05,15.54,17.08,15.4,17.08,13511899
2007-01-08,17.1,17.68,16.88,17.22,7637679
2007-01-09,17.36,18.27,17.22,17.51,8000429
2007-01-10,17.49,17.83,17.09,17.59,8382614
2007-01-11,17.47,18.25,17.19,17.31,7443221
2007-01-12,17.18,17.46,16.1,16.2,8606369
2007-01-15,16.2,17.17,16.18,17.15,6102290
2007-01-16,17.25,17.96,17.03,17.43,7694667
2007-01-17,17.7,19.16,17.7,18.98,15119126
2007-01-18,18.65,20.1,18.38,19.99,14474353
2007-01-19,20.03,21.65,19.81,21.05,11290389
2007-01-22,21.09,22.6,21.09,22.46,8126586
2007-01-23,22.39,22.4,20.6,21.32,5995014
2007-01-24,21.01,22.9,20.35,22.4,7239442
2007-01-25,21.99,21.99,20.5,20.5,9635239
2007-01-26,20.01,21.45,19.6,21.3,8365605
2007-01-29,21.3,22.5,21.3,22.13,5416514
2007-01-30,22.22,23.54,22.21,23.04,5805292
2007-01-31,23.04,23.09,20.74,20.74,4809633
2007-02-01,20.15,21.0,19.4,20.57,4146538
2007-02-02,20.62,20.93,19.0,20.41,6547650
2007-06-19,22.34,22.34,22.34,22.34,39507
2007-06-20,24.57,24.57,24.57,24.57,27060
2007-06-21,27.03,27.03,27.03,27.03,817254
2007-06-22,29.73,29.73,29.73,29.73,153763
2007-06-25,32.7,32.7,32.7,32.7,802756
2007-06-26,35.89,35.89,31.0,31.98,27114197
2007-06-27,30.2,33.45,30.0,33.4,13814052
2007-06-28,32.98,32.99,31.2,31.29,7525562
2007-06-29,31.2,33.24,30.5,30.75,7794867
2007-07-02,30.2,31.3,29.28,29.92,4675529
2007-07-03,30.46,32.91,30.45,32.91,9165063
2007-07-04,33.0,33.2,31.5,31.99,4868054
2007-07-05,31.02,32.6,31.0,31.9,4406973
2007-07-06,31.31,33.4,30.21,32.65,5490484
2007-07-09,32.98,35.92,32.2,35.92,11356402
2007-07-10,36.0,36.7,34.13,34.53,6682205
2007-07-11,34.42,34.88,33.81,34.6,3426953
2007-07-12,34.63,34.95,33.5,33.87,3419222
2007-07-13,34.0,35.3,33.19,34.5,2639111
2007-07-16,34.1,34.79,33.25,33.44,1701265
2007-07-17,33.25,33.54,32.51,32.96,2821516
2007-07-18,32.85,35.12,32.57,34.6,4860762
2007-07-19,34.1,35.48,33.8,33.97,1729323
2007-07-20,33.99,35.99,33.99,35.69,4393285
2007-07-23,36.19,38.47,35.73,37.68,6633326
2007-07-24,37.78,39.88,37.16,38.46,4643607
2007-07-25,38.1,41.65,38.1,41.33,5233147
2007-07-26,41.5,45.1,40.8,44.7,4227143
2007-07-27,44.97,45.8,42.91,44.04,4800533
2007-07-30,43.6,45.2,43.55,44.28,3718962
2007-07-31,44.48,45.12,43.81,44.94,3241952
2007-08-01,45.18,45.7,42.2,42.56,4379575
2007-08-02,42.6,44.33,42.6,44.12,3742305
2007-08-03,44.12,47.15,44.12,45.9,3675034
2007-08-06,46.79,47.9,45.01,46.05,3339189
2007-08-07,46.52,49.6,46.52,48.57,3944777
2007-08-08,48.39,48.73,45.92,48.58,2326735
2007-08-09,48.68,51.9,48.5,48.73,3699423
2007-08-10,48.5,49.58,47.1,48.26,2782416
2007-08-13,47.74,49.0,46.5,46.55,3216980
2007-08-14,46.6,47.38,45.6,46.4,3916266
2007-08-15,46.9,49.66,46.1,49.58,3760361
2007-08-16,49.55,49.55,47.3,47.98,4179584
2007-08-17,48.02,50.8,46.9,48.75,7631448
2007-08-20,50.95,53.35,48.89,53.23,10723892
2007-08-21,58.53,58.55,51.9,54.35,16472888
2007-08-22,53.8,56.98,53.48,55.03,7150293
2007-08-23,55.55,55.6,53.4,54.24,5322564
2007-08-24,54.6,54.9,53.0,54.0,6115456
2007-08-27,54.01,54.25,52.76,53.01,5563638
2007-08-28,52.47,54.78,52.3,53.98,3729182
2007-08-29,53.98,53.98,51.5,51.59,4504445
2007-08-30,51.05,52.49,51.05,51.99,2390084
2007-08-31,52.06,52.69,51.6,52.58,3049505
2007-09-03,52.65,55.55,52.35,55.05,6638534
2007-09-04,55.0,55.0,52.7,53.1,5186811
2007-09-06,55.5,56.7,53.91,54.06,5729779
2007-09-07,54.1,54.39,51.5,51.62,5183503
2007-09-10,51.0,51.86,49.1,51.01,4184080
2007-09-11,51.28,51.6,47.1,48.17,3139545
2007-09-12,48.39,50.0,47.58,49.99,3413300
2007-09-13,50.37,50.37,48.18,49.59,4805919
2007-09-14,49.64,54.0,48.5,52.62,6251800
2007-09-17,54.21,54.33,51.6,52.4,8717769
2007-09-18,52.54,52.97,51.0,51.8,4110423
2007-09-19,51.8,53.5,51.25,52.01,4145857
2007-09-20,52.9,53.09,51.28,51.6,5069928
2007-09-21,26.0,26.4,24.68,24.94,6197591
2007-09-24,24.76,24.76,23.48,23.77,9772263
2007-09-25,23.8,25.48,23.78,24.25,10147698
2007-09-26,24.68,25.37,24.11,24.46,8258303
2007-09-27,24.05,24.79,23.4,23.96,8172088
2007-09-28,24.08,24.48,23.74,24.26,7285107
2007-10-08,24.85,24.87,23.55,23.96,9515035
2007-10-09,23.99,23.99,22.88,23.29,12798337
2007-10-10,23.29,24.4,23.01,23.82,14852614
2007-10-11,23.87,26.2,23.86,26.2,36236376
2007-10-12,26.72,28.45,24.9,27.72,52115620
2007-10-15,27.92,30.49,27.92,30.49,34734447
2007-10-16,31.49,33.5,28.55,30.05,25943183
2007-10-17,29.8,30.0,28.7,29.16,18604130
2007-10-18,28.95,28.95,26.9,27.11,17783663
2007-10-19,27.11,28.7,26.56,27.98,12774878
2007-10-22,27.68,28.29,26.8,27.26,10077626
2007-10-23,27.31,28.0,26.81,27.99,10286806
2007-10-24,28.25,28.49,27.3,27.37,8735030
2007-10-26,26.2,26.6,24.63,24.63,11081558
2007-10-29,24.1,24.98,23.0,24.91,8113792
2007-10-30,24.98,26.05,24.8,25.31,6768133
2007-10-31,25.8,26.38,25.4,26.1,7305643
2007-11-01,26.2,26.45,24.76,24.79,6692882
2007-11-02,24.16,24.5,23.3,23.38,10342664
2007-11-05,23.38,24.28,23.01,23.51,6163303
2007-11-06,23.55,24.35,23.5,23.86,4185273
2007-11-07,24.0,24.28,23.3,23.6,3137679
2007-11-08,23.71,23.71,22.0,22.09,4556217
2007-11-09,21.7,21.7,20.08,20.51,8153336
2007-11-12,20.0,20.0,18.78,19.19,8372718
2007-11-13,19.54,21.11,19.5,20.5,10474459
2007-11-14,20.91,22.14,20.25,21.92,8528300
2007-11-15,22.28,23.31,21.58,22.23,11031194
2007-11-16,21.9,22.68,21.44,22.28,4745220
2007-11-19,22.7,23.25,22.46,23.14,4250904
2007-11-20,23.2,24.5,22.88,24.29,10123295
2007-11-21,24.6,24.94,23.6,23.84,7631782
2007-11-22,23.11,23.58,21.95,21.99,6427739
2007-11-23,21.6,24.06,21.5,23.94,7958561
2007-11-26,24.29,24.68,23.28,23.3,5940939
2007-11-27,22.89,24.0,22.78,23.49,4697121
2007-11-28,23.7,23.93,22.6,22.93,2900702
2007-11-29,23.3,23.8,22.19,23.4,5516949
2007-11-30,23.5,23.5,22.4,22.56,4263138
2007-12-03,22.49,22.75,21.9,22.56,3523923
2007-12-04,22.56,22.83,22.3,22.39,2545296
2007-12-05,22.4,23.99,22.4,23.83,6959848
2007-12-06,23.78,23.98,23.23,23.59,3722330
2007-12-07,23.6,24.85,23.6,24.41,9944358
2007-12-10,24.0,26.62,23.98,26.2,13608184
2007-12-11,26.55,27.5,26.0,26.99,15338967
2007-12-12,27.0,27.49,26.31,26.8,10737028
2007-12-13,26.82,27.48,25.9,26.03,12268800
2007-12-14,25.5,27.3,25.3,27.16,10530218
2007-12-17,27.25,28.5,27.25,27.74,13210725
2007-12-18,28.24,29.2,27.33,27.95,11512327
2007-12-19,28.02,28.6,27.7,28.09,8930302
2007-12-20,28.2,29.08,27.71,29.02,13208241
2007-12-21,29.01,29.5,28.7,29.14,12223396
2007-12-24,29.45,30.0,28.89,29.75,13648004
2007-12-25,29.7,30.2,29.18,30.15,9356131
2007-12-26,30.3,31.5,29.95,31.5,15971325
2007-12-27,31.58,33.48,31.58,32.76,18691627
2007-12-28,32.88,33.06,31.8,32.33,14463905
2008-01-02,32.4,32.67,31.68,32.32,9746441
2008-01-03,32.3,33.9,31.0,33.21,15888091
2008-01-04,33.0,33.47,32.0,32.15,13134298
2008-01-07,31.79,32.4,31.5,31.91,12320066
2008-01-08,31.91,32.98,30.18,30.42,15990145
2008-01-09,30.1,31.1,29.81,31.0,11479685
2008-01-10,30.99,32.5,30.7,32.18,14193434
2008-01-11,32.25,32.7,31.25,31.57,8791986
2008-01-14,31.3,31.5,30.61,31.25,14880012
2008-01-15,31.35,34.38,31.35,34.38,34153304
2008-01-16,34.25,35.35,33.38,34.04,29298641
2008-01-17,33.68,34.42,31.28,32.58,22463134
2008-01-18,32.59,33.35,31.96,33.14,12531428
2008-01-21,33.28,35.17,32.72,32.98,20082511
2008-01-22,32.18,33.48,29.78,29.98,25481799
2008-01-23,30.3,32.0,29.8,31.83,18047614
2008-01-24,31.97,34.15,31.2,32.9,17932182
2008-01-25,32.9,34.0,32.38,32.97,15011445
2008-01-28,32.9,32.9,29.8,30.05,12023476
2008-01-29,31.8,32.7,30.35,31.14,7072455
2008-01-30,31.61,32.0,29.8,30.58,8778857
2008-01-31,30.58,30.78,28.18,28.24,12795479
2008-02-01,28.13,28.6,25.55,27.21,10667090
2008-02-04,28.25,29.93,28.0,29.92,8381790
2008-02-05,30.3,31.2,29.41,30.61,8320295
2008-02-13,30.59,30.59,29.5,29.92,3942889
2008-02-14,30.21,32.2,30.21,31.51,8966955
2008-02-18,32.4,32.72,31.56,32.36,9803983
2008-02-19,32.65,32.65,31.8,32.37,7644472
2008-02-20,32.19,33.82,32.19,32.99,15029316
2008-02-21,32.0,33.1,30.01,31.85,10978616
2008-02-22,31.54,31.55,29.59,30.38,12371967
2008-02-25,30.38,30.59,28.8,28.93,8149432
2008-02-26,30.01,30.55,27.8,28.9,7201104
2008-02-27,29.5,30.99,29.0,30.79,7806783
2008-02-28,30.89,31.0,29.85,30.09,5752170
2008-02-29,30.03,30.6,29.7,30.35,6568324
2008-03-03,30.32,32.29,29.8,31.91,10942344
2008-03-04,32.1,33.36,31.55,31.64,15113467
2008-03-05,31.65,32.5,30.4,31.67,9744692
2008-03-06,32.0,32.48,31.36,32.43,9886880
2008-03-10,31.53,31.8,29.49,30.25,9671252
2008-03-11,29.79,30.8,28.59,30.58,7578487
2008-03-12,30.98,31.25,28.68,28.77,7672001
2008-03-13,28.27,28.99,26.7,27.47,6569531
2008-03-14,27.4,27.77,26.47,27.29,5310313
2008-03-17,27.2,27.2,24.56,24.56,7878729
2008-03-18,24.0,24.3,22.1,22.1,8266107
2008-03-19,22.31,23.88,22.21,23.36,8662138
2008-03-20,22.88,25.0,21.38,24.68,9080635
2008-03-21,25.0,25.38,24.2,24.82,6622217
2008-03-24,25.2,25.7,24.0,24.01,5207213
2008-03-25,23.45,24.2,22.8,23.46,6967806
2008-03-26,23.46,24.3,23.45,24.0,6328251
2008-03-27,23.75,23.75,22.33,22.46,6233117
2008-03-28,22.0,23.5,21.77,23.42,5233530
2008-03-31,22.8,23.2,21.08,21.08,9185927
2008-04-01,21.0,21.48,19.0,19.95,9919793
2008-04-02,20.06,20.26,18.5,18.79,7407418
2008-04-03,18.6,19.87,17.4,19.52,6250470
2008-04-07,19.31,21.47,19.0,21.47,10808378
2008-04-08,21.95,23.2,21.75,22.53,10539262
2008-04-09,22.06,22.97,21.08,21.22,8349686
2008-04-10,20.48,22.05,20.48,21.94,5681502
2008-04-11,22.26,22.5,21.77,21.96,4019541
2008-04-14,21.11,21.78,19.81,19.87,6326724
2008-04-15,19.86,21.26,18.86,21.25,8508067
2008-04-16,21.0,21.18,20.12,20.3,4621978
2008-04-17,20.34,20.97,19.68,19.95,4735863
2008-04-18,19.51,19.99,18.88,19.06,5211311
2008-04-21,20.97,20.97,19.05,19.54,7655451
2008-04-23,19.6,21.08,19.39,20.88,8167764
2008-04-24,22.96,22.97,22.1,22.97,18447539
2008-04-25,23.38,23.98,22.7,23.16,17271221
2008-04-28,23.22,23.45,21.9,22.41,13740382
2008-04-29,22.26,22.99,22.18,22.61,5876675
2008-04-30,22.61,23.5,22.2,23.36,15436938
2008-05-05,23.47,24.94,22.63,24.79,18383577
2008-05-06,24.18,25.24,23.83,24.2,14549698
2008-05-07,24.29,24.58,22.4,22.41,15310625
2008-05-08,22.0,23.79,21.81,23.53,16391033
2008-05-09,23.7,24.6,23.5,24.39,16192525
2008-05-12,23.88,26.0,23.72,25.93,19853475
2008-05-13,25.39,26.8,25.13,25.47,22471371
2008-05-14,25.48,26.46,25.03,26.1,12945567
2008-05-15,26.5,26.75,25.71,25.73,10590655
2008-05-16,25.7,26.15,24.81,25.52,7381983
2008-05-19,25.59,26.0,24.8,25.61,6914303
2008-05-20,19.75,20.45,18.91,19.12,8359141
2008-05-21,18.76,19.7,17.97,19.48,11234036
2008-05-22,19.2,20.79,19.0,20.09,19497915
2008-05-23,20.11,20.4,19.21,19.49,10633296
2008-05-26,19.01,20.35,19.0,19.29,9937936
2008-05-27,19.27,19.35,18.7,19.09,6630372
2008-05-28,19.1,19.59,18.88,19.57,8882166
2008-05-29,19.59,19.64,18.9,18.92,5587934
2008-05-30,19.4,19.57,19.05,19.41,8650951
2008-06-02,19.45,20.0,19.24,19.7,6326365
2008-06-03,19.77,19.9,19.4,19.45,6234475
2008-06-04,19.45,19.45,18.75,18.98,4985722
2008-06-05,18.88,18.9,18.11,18.22,6348596
2008-06-06,18.2,18.5,17.79,17.82,5112221
2008-06-10,16.81,17.3,16.04,16.04,9429583
2008-06-11,15.5,16.55,15.5,16.12,7097100
2008-06-12,16.13,16.36,15.21,16.18,7471005
2008-06-13,16.3,16.49,15.5,15.54,4977626
2008-06-16,15.61,15.94,14.24,14.36,8844094
2008-06-17,14.8,14.95,13.7,13.92,10469828
2008-06-18,13.71,15.15,13.55,15.01,10106514
2008-06-19,15.01,15.19,13.65,13.68,8008441
2008-06-20,14.2,15.0,13.7,14.62,11377984
2008-06-23,14.29,14.97,14.01,14.59,5898366
2008-06-24,14.5,15.5,14.3,15.28,7370625
2008-06-25,15.27,16.22,15.22,16.2,10034422
2008-06-26,16.19,16.47,15.8,16.15,8183323
2008-06-27,15.7,16.01,14.8,14.96,8206874
2008-07-01,15.24,15.28,14.45,14.8,5507827
2008-07-02,14.96,15.63,14.7,15.3,5948097
2008-07-03,15.5,16.79,15.2,16.62,14042674
2008-07-04,16.57,16.76,16.03,16.4,9459869
2008-07-07,16.66,17.6,16.6,17.19,9253193
2008-07-08,17.46,18.0,17.26,17.8,11433348
2008-07-09,18.03,18.15,17.64,17.92,13350550
2008-07-10,17.99,18.1,17.2,17.28,11729730
2008-07-11,17.03,18.02,17.0,17.98,10792692
2008-07-14,17.97,18.8,17.8,18.69,10731735
2008-07-15,18.78,18.86,17.92,18.14,8796533
2008-07-16,17.8,18.08,17.12,17.7,7538704
2008-07-17,18.1,18.23,17.61,17.66,5912747
2008-07-18,18.01,18.8,17.8,18.69,9599530
2008-07-21,18.59,19.49,18.5,19.13,11136866
2008-07-22,19.1,19.6,19.0,19.31,9103684
2008-07-23,19.4,19.6,18.0,18.09,17640305
2008-07-24,18.03,18.65,17.8,18.37,16097667
2008-07-25,18.2,19.09,18.02,18.69,13275366
2008-07-29,18.88,19.07,18.0,18.11,12491989
2008-07-30,18.23,18.44,17.51,17.55,17783504
2008-08-06,16.2,17.49,16.2,17.26,16055442
2008-08-07,17.01,18.1,17.01,17.62,12397891
2008-08-08,17.65,17.99,17.2,17.47,8140696
2008-08-11,17.2,17.97,16.9,17.04,16172986
2008-08-12,16.99,17.05,15.5,16.58,12521668
2008-08-13,16.46,17.35,16.01,16.97,7174569
2008-08-14,17.1,17.68,16.95,17.15,5677366
2008-08-15,17.15,17.45,16.86,17.29,4567559
2008-08-18,17.3,17.35,16.75,16.93,3715870
2008-08-19,16.71,17.2,16.63,17.0,3818258
2008-08-20,16.9,18.2,16.51,18.0,14302533
2008-08-21,17.61,17.95,16.8,16.83,9399414
2008-08-22,16.5,16.95,16.16,16.62,4855249
2008-08-25,16.72,16.98,16.25,16.27,2303671
2008-08-26,16.09,16.09,15.3,15.63,6437177
2008-08-27,15.63,15.86,15.07,15.35,3691726
2008-08-28,15.31,15.69,15.2,15.36,3016765
2008-08-29,15.39,15.94,15.39,15.71,2635970
2008-09-01,15.6,15.85,15.43,15.45,2287234
2008-09-02,15.32,15.48,14.9,15.43,2918799
2008-09-03,15.4,15.43,14.98,15.17,2580725
2008-09-04,15.1,15.6,15.1,15.38,1944762
2008-09-05,15.0,15.45,14.85,14.97,3038869
2008-09-08,15.05,15.24,14.35,14.74,2972737
2008-09-09,14.82,15.0,14.57,14.87,2006733
2008-09-10,14.8,15.17,14.45,14.81,2558457
2008-09-11,14.8,15.05,14.6,15.0,3452001
2008-09-12,15.0,15.45,14.99,15.22,4093596
2008-09-16,15.05,15.65,15.0,15.4,7435982
2008-09-17,15.4,15.6,14.9,15.17,7316208
2008-09-18,14.95,15.14,14.2,14.68,8290407
2008-09-19,16.0,16.15,15.66,16.15,25683945
2008-09-22,16.8,17.75,16.0,16.66,23460867
2008-09-23,16.12,16.41,15.83,15.85,7260995
2008-09-24,15.55,16.15,15.47,16.1,3838605
2008-09-25,16.2,16.75,16.17,16.28,7753212
2008-09-26,16.3,16.74,16.28,16.56,7016760
2008-10-06,16.5,16.5,15.76,16.09,4976409
2008-10-07,15.5,16.65,15.45,16.51,4578100
2008-10-08,16.19,16.82,16.01,16.47,5588152
2008-10-09,16.77,16.89,16.34,16.58,6018811
2008-10-10,16.1,16.71,16.0,16.58,7406762
2008-10-13,16.22,17.12,16.22,17.11,9588138
2008-10-14,17.68,17.69,16.8,16.8,8985669
2008-10-15,16.85,17.12,16.75,16.88,3878029
2008-10-16,16.5,16.5,15.4,15.88,11997383
2008-10-17,15.9,16.35,15.85,16.01,4295409
2008-10-20,15.95,16.36,15.8,16.2,3102760
2008-10-21,16.25,16.7,16.15,16.41,3354273
2008-10-22,16.2,16.79,16.16,16.38,6220652
2008-10-23,16.19,16.62,15.8,16.53,3053923
2008-10-24,16.46,16.69,16.3,16.39,3511947
2008-10-28,15.24,16.59,14.91,16.52,9104585
2008-10-29,16.7,16.81,16.0,16.08,6103991
2008-10-30,16.34,16.5,15.96,16.2,5384736
2008-10-31,16.2,16.35,16.1,16.21,2554146
2008-11-03,16.2,16.32,16.0,16.01,6482060
2008-11-04,15.88,15.88,15.08,15.41,7510788
2008-11-05,15.44,16.0,15.44,15.76,3400263
2008-11-06,15.48,15.75,15.3,15.7,1860982
2008-11-07,15.45,15.85,15.43,15.75,2792080
2008-11-10,15.88,16.65,15.88,16.6,13631827
2008-11-11,16.7,16.7,16.01,16.27,9533393
2008-11-13,16.42,17.57,16.4,17.37,36016496
2008-11-14,17.5,18.6,17.5,18.24,27051936
2008-11-17,19.25,20.0,18.85,19.89,42749096
2008-11-18,19.94,21.1,19.15,19.93,41984152
2008-11-19,19.6,21.22,19.35,21.01,37166292
2008-11-20,20.8,21.69,20.3,20.63,26353808
2008-11-21,20.1,21.55,19.67,21.09,22990448
2008-11-24,21.05,21.1,19.91,20.37,15075953
2008-11-25,20.8,21.1,19.92,20.36,10155417
2008-11-26,20.49,20.96,20.01,20.57,9058205
2008-11-27,22.3,22.4,20.62,20.63,23125514
2008-11-28,20.55,21.6,20.3,21.17,17513092
2008-12-01,21.45,22.48,21.1,22.45,18014430
2008-12-02,22.0,23.51,21.9,22.9,17461748
2008-12-03,23.15,23.45,22.4,22.63,23577254
2008-12-04,23.01,23.17,22.5,22.71,20360744
2008-12-05,22.59,22.71,21.9,22.55,13077640
2008-12-08,22.62,23.3,22.62,23.04,11517717
2008-12-09,23.08,23.3,22.48,22.73,12472103
2008-12-10,23.15,24.56,23.15,24.07,23701410
2008-12-11,24.1,24.19,23.5,23.86,11686029
2008-12-12,23.58,23.9,23.2,23.88,13277329
2008-12-15,23.98,24.28,23.63,23.95,5902669
2008-12-16,23.8,24.2,23.45,24.12,6272294
2008-12-17,24.1,25.09,24.1,24.35,9809105
2008-12-18,24.28,24.3,23.7,24.24,6926353
2008-12-19,24.1,24.8,23.92,24.43,5957241
2008-12-22,24.39,24.43,23.46,24.14,7186015
2008-12-23,24.15,24.19,23.16,23.48,10175411
2008-12-24,23.2,23.65,22.85,23.5,7087922
2008-12-25,23.35,23.96,23.35,23.78,7350598
2008-12-26,23.81,23.97,23.34,23.74,6545994
2008-12-29,23.49,23.69,22.9,23.56,7077043
2008-12-30,23.35,23.8,23.3,23.63,9775846
2008-12-31,23.7,24.34,23.63,23.88,7686799
2009-01-05,23.99,24.2,23.4,23.98,12491183
2009-01-06,23.96,24.2,23.7,24.05,10655989
2009-01-07,24.16,24.16,23.51,23.62,8305635
2009-01-08,23.3,23.3,22.7,22.72,9925349
2009-01-09,22.51,23.06,22.51,22.96,7128963
2009-01-12,22.8,23.4,22.4,23.01,7388225
2009-01-13,22.69,23.18,22.35,22.38,5757355
2009-01-14,22.3,23.4,22.0,23.28,19738364
2009-01-15,22.99,23.16,22.68,22.81,10450938
2009-01-16,22.78,22.9,21.59,21.7,56105052
2009-01-19,21.89,22.38,21.48,22.01,25292868
2009-01-20,21.98,22.27,21.82,22.15,11349855
2009-01-21,22.0,22.37,21.82,22.1,10491205
2009-01-22,22.15,22.95,22.15,22.78,15477919
2009-01-23,22.99,23.0,22.51,22.62,8574856
2009-02-02,22.72,22.82,22.26,22.42,7395601
2009-02-03,22.4,23.2,22.25,23.19,14246117
2009-02-04,23.29,23.65,22.95,23.16,17471332
2009-02-05,23.35,23.75,22.76,22.85,14959213
2009-02-06,22.86,23.36,22.46,23.22,24089532
2009-02-09,23.6,25.54,23.3,25.18,36820016
2009-02-10,25.09,25.5,24.59,25.19,24017636
2009-02-11,25.18,26.08,24.7,25.34,23859038
2009-02-12,25.25,25.5,24.2,25.25,15739844
2009-02-13,25.1,26.2,25.01,26.02,24104778
2009-02-16,26.21,26.4,25.42,25.71,15444194
2009-02-17,25.7,26.1,24.6,24.81,16226227
2009-02-18,24.3,25.1,23.98,24.69,10448932
2009-02-19,24.74,26.33,24.74,26.3,25759948
2009-02-20,26.38,26.7,25.9,26.36,16995052
2009-02-23,26.1,27.0,25.8,26.89,16783844
2009-02-24,26.5,26.8,24.89,25.01,19163292
2009-02-25,25.2,25.75,24.21,24.84,17805272
2009-02-26,24.9,25.44,22.65,23.32,11462770
2009-02-27,23.13,24.05,22.5,23.6,19179752
2009-03-02,23.51,24.68,23.32,24.5,7155071
2009-03-03,24.0,25.04,23.76,24.71,11049910
2009-03-04,24.71,26.5,24.7,26.1,15233419
2009-03-05,26.3,26.36,25.0,25.38,11093133
2009-03-06,25.0,25.35,24.88,25.01,6611297
2009-03-09,25.04,25.28,23.5,24.5,13350221
2009-03-10,24.0,24.45,23.72,24.36,5341664
2009-03-11,24.8,24.85,24.0,24.12,5713955
2009-03-12,24.08,24.08,23.4,23.69,5248915
2009-03-13,24.01,24.54,23.6,23.65,7130173
2009-03-16,23.5,24.3,23.5,24.13,3935512
2009-03-17,24.15,24.7,23.83,24.59,9843774
2009-03-18,24.7,24.8,24.24,24.66,16993064
2009-03-19,24.53,24.98,24.2,24.94,16583251
2009-03-20,24.92,25.05,24.34,24.85,13019418
2009-03-23,25.26,25.28,24.48,25.09,21153236
2009-03-24,25.23,25.29,24.56,25.24,17998574
2009-03-25,24.98,24.98,24.45,24.48,22889500
2009-03-26,24.2,25.0,23.8,24.79,26502592
2009-03-27,25.8,27.27,25.8,26.93,69122152
2009-03-30,26.78,27.5,26.4,26.62,24629320
2009-03-31,26.33,28.89,26.0,28.47,34792448
2009-04-01,28.5,28.82,27.8,27.85,24672196
2009-04-02,28.4,28.65,27.58,27.83,19518372
2009-04-03,27.9,28.08,26.96,27.02,23365016
2009-04-07,27.05,27.5,26.7,27.27,14348409
2009-04-08,27.13,27.76,26.5,26.81,18427850
2009-04-09,26.83,27.87,26.83,27.47,15911977
2009-04-10,27.72,29.97,27.47,29.35,31144020
2009-04-13,29.63,31.38,29.63,30.59,34436008
2009-04-14,30.3,30.98,30.2,30.38,11512875
2009-04-15,30.01,30.8,29.48,29.98,16220879
2009-04-16,30.28,30.88,29.12,30.29,15466771
2009-04-17,30.3,30.72,29.2,29.43,11908487
2009-04-20,29.51,29.9,29.28,29.87,8043301
2009-04-22,30.3,30.55,27.8,27.87,16704739
2009-04-23,27.85,28.32,27.65,28.12,9865119
2009-04-24,28.35,29.34,28.0,28.48,10544098
2009-04-27,28.45,28.62,27.4,27.41,9538453
2009-04-28,27.21,27.86,27.1,27.68,6761200
2009-04-29,27.41,28.51,27.41,28.45,10120776
2009-04-30,28.22,29.1,28.22,28.8,11860194
2009-05-04,29.01,29.19,28.78,29.1,12382290
2009-05-05,29.35,30.6,29.35,29.77,18125752
2009-05-06,29.8,32.01,29.3,31.81,24702688
2009-05-07,31.86,31.99,30.59,30.86,16632306
2009-05-08,30.7,30.7,29.7,30.08,15119693
2009-05-11,30.11,30.3,28.67,28.69,18232806
2009-05-12,28.41,29.1,28.31,29.07,12125865
2009-05-13,29.13,29.19,28.67,29.01,10681852
2009-05-14,28.9,29.2,28.68,28.82,6945684
2009-05-15,28.95,29.12,28.55,29.03,10400558
2009-05-18,28.8,28.8,27.9,28.54,10552742
2009-05-19,28.81,28.98,28.2,28.69,17398056
2009-05-20,28.84,29.17,28.68,28.79,14766191
2009-05-21,28.89,29.89,28.89,29.51,24596968
2009-05-22,30.0,30.2,28.9,29.01,15925428
2009-05-25,28.29,29.6,28.0,29.4,13341408
2009-05-26,29.9,32.05,29.9,30.81,34816996
2009-05-27,31.15,31.93,30.91,31.09,23966660
2009-06-01,31.75,31.75,30.7,31.01,25201404
2009-06-02,31.22,31.3,30.33,30.69,28480930
2009-06-03,20.65,20.65,19.8,20.08,32757882
2009-06-04,19.95,19.95,19.31,19.59,41881816
2009-06-05,19.6,19.66,19.0,19.28,58640668
2009-06-08,19.2,19.44,19.1,19.24,31358290
2009-06-09,19.32,19.66,18.91,19.64,39589688
2009-06-10,19.63,19.63,19.2,19.32,26711426
2009-06-11,19.3,19.44,19.1,19.14,22369420
2009-06-12,19.1,19.18,18.18,18.38,42355012
2009-06-15,18.29,18.49,18.1,18.47,17057204
2009-06-16,18.27,18.77,18.19,18.6,15843501
2009-06-17,18.6,18.77,18.3,18.51,16855416
2009-06-18,18.61,18.88,18.53,18.6,27051840
2009-06-19,18.61,18.65,18.13,18.29,47077896
2009-06-22,18.48,18.62,18.15,18.27,37560456
2009-06-23,18.1,18.18,17.7,17.82,49739656
2009-06-24,17.8,18.38,17.48,18.33,51544360
2009-06-25,18.36,18.59,18.24,18.35,33820852
2009-06-26,18.36,18.44,18.0,18.08,31329348
2009-06-29,18.11,18.39,18.01,18.17,25373548
2009-06-30,18.25,18.36,17.98,18.04,27594058
2009-07-01,18.03,18.18,17.72,18.15,43534976
2009-07-02,18.17,19.09,18.0,19.0,85461936
2009-07-03,18.8,19.3,18.7,18.96,60805964
2009-07-06,18.99,19.37,18.31,18.53,56719672
2009-07-07,18.4,18.78,18.39,18.62,39933024
2009-07-08,18.59,18.75,18.32,18.58,34793472
2009-07-09,18.56,19.3,18.3,19.16,81512416
2009-07-10,19.2,19.25,18.9,18.99,47164752
2009-07-13,19.33,20.59,19.33,20.22,99963880
2009-07-14,20.46,20.88,20.0,20.59,78702784
2009-07-15,20.72,20.88,20.29,20.56,70890440
2009-07-16,20.6,20.69,20.15,20.21,48803004
2009-07-17,20.2,20.52,20.01,20.42,48765328
2009-07-20,20.48,20.52,20.14,20.41,54675736
2009-07-21,20.41,20.46,19.55,19.68,58596012
2009-07-22,19.95,20.35,19.6,19.92,70064616
2009-07-23,20.04,20.04,19.48,19.8,55925360
2009-07-24,19.8,20.12,19.35,19.65,55386160
2009-07-27,19.68,20.3,19.65,20.14,70214400
2009-07-28,20.24,21.19,19.7,20.86,120659920
2009-07-29,20.85,20.85,18.77,19.32,80689424
2009-07-30,19.36,19.69,18.7,19.16,47716080
2009-07-31,19.36,19.65,19.16,19.54,51028508
2009-08-03,19.58,19.87,19.51,19.73,46465996
2009-08-04,19.77,20.27,19.35,20.16,72309928
2009-08-05,20.17,20.67,20.0,20.24,67007280
2009-08-06,20.34,21.55,20.32,20.89,155539616
2009-08-07,20.98,21.1,19.75,19.82,80195776
2009-08-10,20.18,20.28,19.35,19.81,38011924
2009-08-11,19.93,20.11,19.76,19.9,24006576
2009-08-12,19.89,19.89,18.88,18.98,38405464
2009-08-13,18.99,19.13,18.47,18.83,28460520
2009-08-14,18.9,18.97,17.7,17.87,46012520
2009-08-17,17.69,17.7,16.76,17.13,42872468
2009-08-18,17.28,17.78,17.28,17.72,31330058
2009-08-19,17.87,18.79,17.87,18.08,61116696
2009-08-20,18.1,18.59,17.91,18.56,35664468
2009-08-21,18.56,19.02,18.26,18.9,38956172
2009-08-24,19.0,19.33,18.73,19.3,41216696
2009-08-25,19.26,19.5,18.84,19.39,47887724
2009-08-26,19.25,20.9,19.15,20.4,94333192
2009-08-27,20.3,20.5,19.89,20.04,45339108
2009-08-28,20.0,20.36,19.8,20.07,47120920
2009-08-31,19.75,20.24,18.8,18.81,55299468
2009-09-01,18.74,18.95,17.78,18.29,32930160
2009-09-02,18.49,18.75,18.2,18.4,16623021
2009-09-03,18.4,19.57,18.35,19.43,35128184
2009-09-04,19.38,20.18,19.19,19.62,37986372
2009-09-08,19.89,20.76,19.85,20.59,72353904
2009-09-09,20.63,20.79,20.22,20.59,50516924
2009-09-10,20.77,20.95,20.02,20.11,42798236
2009-09-11,20.11,20.46,19.9,20.2,32850000
2009-09-14,20.31,21.25,20.31,21.14,71852328
2009-09-15,21.2,21.3,20.71,20.95,51535840
2009-09-16,20.82,21.1,20.61,20.8,40931716
2009-09-17,20.79,21.85,20.78,21.37,68883712
2009-09-18,21.45,21.62,20.08,20.44,50593780
2009-09-21,20.18,22.48,20.09,22.48,98727504
2009-09-22,22.68,23.31,22.25,22.67,123572712
2009-09-23,22.6,22.99,21.87,22.33,56058268
2009-09-24,22.14,22.58,20.92,21.52,54189628
2009-09-25,21.5,22.0,20.9,21.06,39174996
2009-09-28,21.24,21.65,20.59,20.8,28381112
2009-09-29,20.74,21.63,20.72,21.41,33917260
2009-09-30,21.6,21.81,21.18,21.23,25129318
2009-10-09,21.65,22.5,21.31,22.34,35146816
2009-10-12,22.38,22.65,21.81,22.18,33726860
2009-10-13,22.13,23.2,22.01,23.01,41643496
2009-10-14,22.98,23.19,22.58,22.76,45036684
2009-10-15,22.95,23.06,22.5,22.54,26254038
2009-10-16,22.56,22.84,22.23,22.66,21410242
2009-10-19,22.66,23.05,22.44,22.92,33130292
2009-10-20,23.1,23.57,22.68,22.93,45776200
2009-10-21,22.8,22.85,22.11,22.19,58776724
2009-10-22,22.1,22.48,21.98,22.12,29794020
2009-10-23,22.0,22.48,22.0,22.29,31650812
2009-10-26,22.33,22.38,21.95,22.1,26823868
2009-10-27,22.07,22.56,21.8,22.27,32643418
2009-10-28,22.15,22.48,21.96,22.42,22942596
2009-10-29,22.2,22.22,21.42,21.44,30023340
2009-10-30,21.7,21.83,21.36,21.39,22274622
2009-11-02,20.99,22.26,20.8,22.18,29397084
2009-11-03,22.3,22.8,22.01,22.65,35906096
2009-11-04,22.89,23.27,22.51,22.69,46373544
2009-11-05,22.73,22.99,22.58,22.82,28362366
2009-11-06,23.1,23.19,22.77,22.83,31765760
2009-11-09,22.85,23.58,22.85,23.53,46975040
2009-11-10,23.58,23.58,23.08,23.14,36369160
2009-11-11,23.12,23.12,22.7,22.8,29078920
2009-11-12,22.81,23.2,22.79,22.97,29553524
2009-11-13,22.85,23.38,22.56,23.3,34820092
2009-11-16,23.5,24.28,23.4,23.9,55191560
2009-11-17,24.0,24.53,23.68,24.3,42643472
2009-11-18,24.28,24.29,23.72,23.82,32162128
2009-11-19,23.88,24.0,23.6,23.81,26994580
2009-11-20,23.91,24.33,23.82,23.9,30236000
2009-11-23,24.0,25.14,24.0,24.92,55527328
2009-11-24,25.2,26.12,24.24,24.35,77383936
2009-11-25,24.4,25.5,24.4,25.46,45975528
2009-11-26,25.48,25.5,23.75,23.99,44302004
2009-11-27,23.8,24.48,23.48,23.58,34810768
2009-11-30,23.86,25.0,23.86,24.86,35762360
2009-12-01,24.9,25.56,24.76,25.24,33153804
2009-12-02,25.31,25.39,24.85,25.13,26902136
2009-12-03,25.13,25.78,24.86,25.72,34665760
2009-12-07,25.4,25.89,25.25,25.59,27285192
2009-12-08,25.74,25.79,24.85,24.9,25705076
2009-12-09,24.72,24.84,24.0,24.15,30033986
2009-12-10,24.1,24.46,23.95,24.34,16586378
2009-12-11,24.34,24.39,23.92,24.0,26266034
2009-12-14,24.1,24.18,23.3,23.78,24024328
2009-12-15,23.83,24.1,23.7,23.93,16295569
2009-12-16,23.93,24.05,23.75,23.8,12320089
2009-12-17,23.9,24.0,23.04,23.13,18830956
2009-12-18,23.15,23.5,22.8,22.9,24662960
2009-12-21,22.93,23.6,22.9,23.36,15918617
2009-12-22,23.34,23.42,22.5,22.53,15693753
2009-12-23,22.53,22.88,22.4,22.84,15731789
2009-12-24,22.84,23.7,22.7,23.59,24634178
2009-12-25,23.6,23.67,23.3,23.41,9890814
2009-12-28,23.28,23.84,23.27,23.63,16890436
2009-12-29,23.49,23.9,23.42,23.74,17201064
2009-12-30,23.74,23.85,23.38,23.64,21970968
2009-12-31,23.7,23.83,23.48,23.8,22198662
2010-01-04,24.0,24.53,23.66,24.14,33823812
2010-01-05,24.2,24.42,24.03,24.17,24339776
2010-01-06,24.18,25.1,24.12,24.59,40542415
2010-01-07,24.6,25.5,24.6,25.01,67410568
2010-01-08,25.1,25.19,24.48,24.83,30171492
2010-01-11,25.0,25.46,24.65,24.77,26771590
2010-01-12,24.67,25.1,24.38,25.04,23174531
2010-01-13,24.45,24.77,23.97,24.0,31953684
2010-01-14,24.14,24.8,23.8,24.76,26351716
2010-01-15,24.88,25.25,24.51,24.7,36602616
2010-01-18,24.81,25.17,24.35,24.54,30496492
2010-01-19,24.58,24.62,24.23,24.4,20743216
2010-01-20,24.46,25.0,23.92,24.2,42839188
2010-01-21,24.07,24.97,24.07,24.53,29281548
2010-01-22,24.2,24.37,23.1,23.42,29147142
2010-01-25,23.38,23.59,22.82,22.87,18724176
2010-01-26,22.92,23.16,21.55,21.8,25000628
2010-01-27,21.8,21.97,20.96,21.05,37897472
2010-01-28,21.1,21.55,21.06,21.35,26085110
2010-01-29,21.37,21.87,21.2,21.48,18881856
2010-02-01,21.3,21.44,20.29,20.6,31292618
2010-02-02,20.75,21.18,20.33,20.52,17972984
2010-02-03,20.66,21.14,20.2,21.13,21572636
2010-02-04,21.24,21.46,20.9,21.11,20381856
2010-02-05,20.69,22.35,20.51,21.41,42264364
2010-02-08,21.45,21.77,21.11,21.45,11164869
2010-02-09,21.37,21.56,21.02,21.28,11657746
2010-02-10,21.46,21.52,20.99,21.42,13232838
2010-02-11,21.42,21.54,21.28,21.44,11765750
2010-02-12,21.58,21.72,21.47,21.62,15179463
2010-02-22,21.7,21.9,21.52,21.69,19407096
2010-02-23,21.6,22.18,21.52,22.1,22278568
2010-02-24,22.0,22.36,21.88,22.33,19987172
2010-02-25,22.0,22.37,21.74,21.98,71016480
2010-02-26,22.0,22.32,21.9,21.96,35219860
2010-03-01,22.0,22.24,21.85,22.23,32856136
2010-03-02,22.22,22.5,22.09,22.22,30930414
2010-03-03,22.26,23.17,22.06,22.91,54435728
2010-03-04,23.0,23.08,21.98,22.06,36754164
2010-03-05,22.02,22.2,21.68,21.95,18678982
2010-03-08,21.97,22.39,21.97,22.08,16451603
2010-03-09,22.15,22.26,21.68,21.85,16545476
2010-03-10,21.84,21.91,21.21,21.35,24297456
2010-03-11,21.31,21.41,20.7,20.9,25572148
2010-03-15,20.7,20.88,20.58,20.75,13815558
2010-03-16,20.75,20.92,20.57,20.85,10866859
2010-03-17,20.9,21.14,20.73,21.1,23060700
2010-03-18,21.11,21.16,20.74,20.86,24456526
2010-03-19,20.86,20.89,20.62,20.84,25380212
2010-03-22,20.82,21.23,20.72,21.2,26726332
2010-03-23,21.2,21.34,20.95,21.01,18361506
2010-03-24,21.06,21.2,21.04,21.13,16281587
2010-03-25,21.13,21.13,20.42,20.5,23795112
2010-03-26,20.45,20.68,20.3,20.58,20834916
2010-03-29,20.8,20.9,20.58,20.83,24801526
2010-03-30,20.89,21.09,20.78,20.87,21083190
2010-03-31,20.95,21.0,20.5,20.68,29703852
2010-04-01,20.68,21.42,20.65,21.32,53861268
2010-04-02,21.4,21.44,21.08,21.22,31008160
2010-04-06,21.28,21.34,21.09,21.14,23386660
2010-04-07,21.16,21.58,20.86,21.52,40938488
2010-04-08,21.46,21.46,21.04,21.09,26219670
2010-04-09,21.07,21.2,21.02,21.14,18131720
2010-04-12,21.16,21.29,20.75,20.9,28161668
2010-04-13,20.9,21.08,20.38,20.7,28300692
2010-04-14,20.68,21.09,20.6,20.9,19995362
2010-04-15,20.91,21.04,20.58,20.67,21045380
2010-04-16,20.67,20.86,20.58,20.67,17306992
2010-04-19,20.58,20.58,19.33,19.35,39613084
2010-04-20,19.35,19.63,18.85,19.27,29124692
2010-04-21,19.5,19.95,19.17,19.7,26576848
2010-04-22,19.71,19.79,19.38,19.41,28523224
2010-04-23,19.42,20.45,19.42,20.03,45283460
2010-04-26,20.41,20.97,20.41,20.72,47779704
2010-04-27,20.74,20.74,19.8,20.19,30738872
2010-04-28,20.18,20.43,19.8,19.99,16816172
2010-04-29,20.2,20.4,19.1,19.21,25438736
2010-04-30,19.22,19.4,18.81,19.16,16881968
2010-05-04,18.88,19.3,18.68,18.78,16163048
2010-05-05,18.78,19.27,18.69,19.26,20018036
2010-05-06,19.25,19.48,18.57,18.59,18709976
2010-05-07,18.21,18.39,17.8,17.85,20755120
2010-05-10,17.85,18.12,17.39,17.88,14961187
2010-05-11,18.23,18.33,17.16,17.22,17310372
2010-05-12,17.17,17.32,16.76,17.06,15876836
2010-05-13,17.11,17.55,16.9,17.54,16286066
2010-05-14,17.39,17.68,17.26,17.46,13517958
2010-05-17,17.25,17.25,16.44,16.46,16939624
2010-05-18,16.46,16.86,16.3,16.77,14304903
2010-05-19,16.76,17.56,16.69,17.28,25562716
2010-05-20,17.25,17.63,16.9,17.01,20687272
2010-05-21,16.53,18.21,16.5,18.19,51682128
2010-05-24,18.3,19.13,18.3,18.7,50475548
2010-05-25,18.65,18.65,18.01,18.09,34483068
2010-05-26,18.06,18.29,17.8,18.02,17655840
2010-05-27,18.03,18.34,17.71,18.29,23865912
2010-05-28,18.52,18.74,18.0,18.05,28621436
2010-05-31,18.03,18.24,17.52,17.54,18863208
2010-06-01,17.29,17.47,16.74,17.0,22794724
2010-06-02,16.95,17.27,16.6,17.25,17910876
2010-06-03,17.27,17.41,16.92,16.94,16484120
2010-06-04,16.84,17.14,16.78,17.04,14685969
2010-06-07,16.7,16.96,16.61,16.8,11311787
2010-06-08,16.72,17.18,16.72,17.15,15178275
2010-06-09,17.17,17.5,16.91,17.41,22439136
2010-06-10,17.29,17.37,17.1,17.13,14261761
2010-06-11,17.27,17.33,16.9,17.04,16945924
2010-06-17,17.15,17.23,17.01,17.03,9513069
2010-06-18,17.07,17.07,16.35,16.44,15971131
2010-06-21,16.44,16.85,16.36,16.8,12209596
2010-06-22,16.82,16.96,16.75,16.78,11254539
2010-06-23,16.79,16.93,16.56,16.68,9350318
2010-06-24,16.62,16.82,16.5,16.62,7535510
2010-06-25,16.58,16.64,16.32,16.4,13237019
2010-06-28,16.5,16.6,16.33,16.41,7239877
2010-06-29,16.5,16.55,15.11,15.23,20021092
2010-06-30,15.12,15.13,14.53,14.66,15363363
2010-07-01,14.66,14.74,14.08,14.12,15141229
2010-07-02,14.14,14.23,13.58,14.06,14129344
2010-07-05,13.9,14.0,13.63,13.84,9691453
2010-07-06,13.8,14.17,13.8,14.16,14198870
2010-07-07,14.22,14.77,14.22,14.59,17237544
2010-07-08,14.66,14.73,14.32,14.38,12517129
2010-07-09,14.4,14.95,14.4,14.9,24999520
2010-07-12,14.95,15.12,14.8,14.9,18774688
2010-07-13,14.93,15.35,14.8,14.95,23619104
2010-07-14,15.1,15.28,14.88,14.97,16638997
2010-07-15,14.94,15.15,14.44,14.45,15144525
2010-07-16,14.44,14.44,14.11,14.36,11629125
2010-07-19,14.2,14.79,14.01,14.71,14373701
2010-07-20,14.85,15.5,14.85,15.47,33131742
2010-07-21,15.65,16.13,15.43,15.66,38539032
2010-07-22,15.7,15.95,15.6,15.82,20091082
2010-07-23,15.89,16.23,15.76,16.11,35717412
2010-07-26,16.08,16.18,15.85,16.04,20817180
2010-07-27,16.01,16.03,15.77,15.86,18855276
2010-07-28,15.85,16.3,15.8,16.24,28322682
2010-07-29,16.3,17.07,16.3,16.79,55879856
2010-07-30,16.8,16.86,16.55,16.67,20153412
2010-08-02,16.73,17.06,16.67,16.96,23331208
2010-08-03,17.02,17.25,16.75,16.77,36899508
2010-08-04,16.72,17.0,16.41,16.88,28225798
2010-08-05,16.88,17.1,16.6,16.84,24595872
2010-08-06,16.84,17.48,16.65,17.42,36957808
2010-08-09,17.52,18.28,17.52,17.69,65700960
2010-08-10,17.69,17.89,16.54,16.56,63766764
2010-08-17,18.22,18.22,17.51,17.66,72209320
2010-08-18,17.78,17.81,17.35,17.49,35509676
2010-08-19,17.52,17.66,17.36,17.52,27264734
2010-08-20,17.45,17.45,16.99,17.14,27741746
2010-08-23,17.14,17.28,17.01,17.2,18676694
2010-08-24,16.98,17.04,16.66,16.8,62748896
2010-08-25,16.65,16.81,16.18,16.24,41986520
2010-08-26,16.25,16.43,16.08,16.27,25759496
2010-08-27,16.35,16.57,16.28,16.44,25520334
2010-08-30,16.58,16.93,16.51,16.79,37729908
2010-08-31,16.79,16.79,16.45,16.57,34621544
2010-09-01,16.58,16.73,16.08,16.23,39633296
2010-09-02,16.39,16.77,16.1,16.76,45954488
2010-09-03,16.8,17.63,16.59,17.4,66585120
2010-09-06,17.45,17.68,17.21,17.5,61436384
2010-09-07,17.51,17.74,17.42,17.58,39920044
2010-09-08,17.49,18.09,17.38,17.94,59690384
2010-09-09,17.94,18.04,17.29,17.32,44394068
2010-09-10,17.37,17.75,17.31,17.58,33719064
2010-09-13,17.62,18.5,17.62,18.35,70472288
2010-09-14,18.48,19.25,18.48,18.98,92027184
2010-09-15,19.0,19.0,18.2,18.36,51851432
2010-09-16,18.29,18.55,17.59,17.85,46706952
2010-09-17,17.85,17.98,17.46,17.59,30430222
2010-09-20,17.63,17.72,17.15,17.32,24893660
2010-09-21,17.35,17.5,17.26,17.46,16358276
2010-09-27,17.47,18.09,17.41,18.06,28124040
2010-09-28,18.1,18.12,17.66,17.69,22475416
2010-09-29,17.68,17.75,17.26,17.3,20702928
2010-09-30,17.17,17.54,17.17,17.5,15159714
2010-10-08,17.71,18.28,17.55,18.18,34572376
2010-10-12,19.01,19.16,18.42,18.57,69904944
2010-10-13,18.57,19.15,18.32,19.05,63916592
2010-10-14,19.07,19.43,18.5,18.56,59163160
2010-10-15,18.74,20.01,18.74,19.75,111567944
2010-10-18,20.06,20.4,19.2,19.34,77738800
2010-10-19,19.29,19.78,19.19,19.7,41767152
2010-10-20,19.1,19.65,18.95,19.29,72399136
2010-10-21,19.37,19.49,18.7,18.92,61187208
2010-10-22,18.85,19.49,18.8,19.2,50014512
2010-10-25,19.21,19.89,19.14,19.75,56073880
2010-10-26,19.9,20.89,19.4,20.56,84829856
2010-10-27,20.31,20.69,19.75,19.92,58392796
2010-10-28,19.89,20.3,19.65,19.9,48388264
2010-10-29,20.04,20.25,19.79,20.05,41846744
2010-11-01,20.15,20.65,19.94,20.54,59914176
2010-11-02,20.59,21.79,20.0,21.19,119016704
2010-11-03,21.14,21.68,20.5,20.58,77559192
2010-11-04,20.56,21.16,20.35,20.85,47880680
2010-11-05,21.1,21.3,20.71,20.94,44349352
2010-11-08,21.08,21.45,20.8,21.39,56879080
2010-11-09,21.37,21.37,20.8,20.93,47027088
2010-11-10,20.87,20.87,20.2,20.39,49898060
2010-11-11,20.58,21.3,20.5,20.55,57607416
2010-11-12,20.45,20.66,18.73,18.89,63128680
2010-11-15,19.16,19.38,18.91,19.36,35647436
2010-11-16,19.36,20.1,19.08,19.39,58928900
2010-11-17,19.2,19.3,18.5,18.65,36792624
2010-11-18,18.8,19.18,18.6,18.82,18205304
2010-11-19,18.94,19.28,18.64,19.27,31471596
2010-11-22,19.19,19.52,19.01,19.13,27959724
2010-11-23,19.13,19.13,17.9,18.34,46460964
2010-11-24,18.05,18.74,18.05,18.68,39142340
2010-11-25,18.83,19.35,18.83,19.24,38646552
2010-11-26,19.18,19.51,18.97,19.23,31161028
2010-11-29,19.15,19.97,19.0,19.89,53231684
2010-11-30,19.77,19.9,18.78,19.28,46331568
2010-12-01,19.24,19.78,19.11,19.51,30638584
2010-12-02,19.85,20.45,19.6,20.03,62757152
2010-12-03,20.39,20.47,19.8,20.07,43314792
2010-12-06,20.18,20.36,19.7,19.81,29052372
2010-12-07,19.68,20.0,19.34,19.95,24374678
2010-12-08,19.97,19.99,19.39,19.49,25829772
2010-12-09,19.2,19.46,19.0,19.17,22428992
2010-12-10,19.02,19.45,18.91,19.39,18661442
2010-12-13,19.49,19.91,19.39,19.89,26654648
2010-12-14,19.93,20.28,19.93,20.11,32660688
2010-12-15,20.19,20.7,20.05,20.09,40586844
2010-12-16,20.06,20.19,19.8,19.91,21327276
2010-12-17,20.0,20.03,19.66,19.95,13725166
2010-12-20,19.98,20.1,19.03,19.52,29758028
2010-12-21,19.53,19.92,19.52,19.9,20261468
2010-12-22,20.01,20.18,19.5,19.56,22134830
2010-12-23,19.49,19.5,19.03,19.14,27090512
2010-12-24,19.05,19.1,18.72,18.77,19426580
2010-12-27,18.69,19.23,18.17,18.33,19454680
2010-12-28,18.32,18.48,18.06,18.2,14603156
2010-12-29,18.23,18.43,18.18,18.4,8610366
2010-12-30,18.44,18.44,18.0,18.24,12846665
2010-12-31,18.32,18.67,18.32,18.66,15314664
2011-01-04,18.8,19.5,18.67,19.28,33553632
2011-01-05,19.25,19.59,19.02,19.35,21871152
2011-01-06,19.75,19.94,19.11,19.15,25372284
2011-01-07,19.3,19.47,19.02,19.27,18489516
2011-01-10,19.29,19.59,18.98,19.02,15671208
2011-01-11,19.01,19.16,18.65,18.86,16260089
2011-01-12,18.85,19.06,18.66,19.0,10187598
2011-01-13,19.03,19.1,18.72,18.74,8856004
2011-01-14,18.72,18.72,18.15,18.2,15827737
2011-01-17,18.14,18.44,17.7,17.77,16417993
2011-01-18,17.7,17.77,17.05,17.46,15665548
2011-01-19,17.52,17.89,17.35,17.84,12727633
2011-01-20,17.9,17.9,17.18,17.2,12863848
2011-01-21,17.2,17.8,17.15,17.32,13005190
2011-01-24,17.34,17.78,17.34,17.46,11727800
2011-01-25,17.53,17.78,17.38,17.7,9154418
2011-01-26,17.72,17.85,17.54,17.74,12267599
2011-01-27,17.67,19.16,17.48,18.71,43206176
2011-01-28,18.7,18.98,18.51,18.76,17044894
2011-01-31,18.71,19.38,18.7,19.14,26688720
2011-02-01,19.1,19.49,19.01,19.12,21128742
2011-02-09,18.94,19.5,18.84,19.25,23494396
2011-02-10,19.15,19.6,19.01,19.56,29483788
2011-02-11,19.46,19.68,19.3,19.42,30956128
2011-02-14,19.6,20.1,19.41,19.56,49348236
2011-02-15,19.57,19.8,19.19,19.32,59535876
2011-02-16,19.28,19.77,19.21,19.74,45596760
2011-02-17,19.7,20.2,19.67,19.97,53712964
2011-02-18,19.85,19.9,19.3,19.35,34476352
2011-02-21,19.33,19.81,19.3,19.8,32265784
2011-02-22,19.8,20.68,19.76,19.93,92887824
2011-02-23,19.93,21.1,19.93,20.93,98129032
2011-02-24,20.7,21.0,20.43,20.72,59962348
2011-02-25,20.8,20.82,20.24,20.41,41173020
2011-02-28,20.43,20.77,20.13,20.59,40047616
2011-03-01,20.71,20.97,20.41,20.5,47000552
2011-03-02,20.3,20.39,19.8,20.23,49970512
2011-03-03,20.23,20.55,19.85,19.88,33815576
2011-03-04,19.9,20.2,19.78,20.11,23160278
2011-03-07,20.28,20.55,20.05,20.49,43246536
2011-03-08,20.46,20.6,20.2,20.49,31981780
2011-03-09,20.49,20.71,20.3,20.49,32696866
2011-03-10,20.5,20.93,20.4,20.46,48027052
2011-03-11,20.31,20.46,19.76,19.78,46639960
2011-03-14,19.6,20.1,19.5,19.97,27678340
2011-03-15,19.9,20.54,19.13,20.33,60539680
2011-03-16,20.19,21.0,20.15,20.76,79496360
2011-03-17,20.78,21.83,20.66,20.81,110796248
2011-03-18,21.12,21.7,20.95,21.41,77444360
2011-03-21,21.41,21.6,20.8,21.08,46510828
2011-03-22,21.18,21.27,20.65,20.83,39882336
2011-03-23,21.08,22.0,20.94,21.79,90978000
2011-03-24,21.9,22.06,21.65,21.69,53593836
2011-03-25,21.62,22.1,21.61,21.85,48507200
2011-03-28,22.03,22.55,21.81,21.85,52660108
2011-03-29,21.84,21.84,20.78,20.88,63643184
2011-03-30,20.86,21.18,20.51,20.77,36659352
2011-03-31,20.83,20.97,20.11,20.24,41749056
2011-04-01,20.25,20.63,20.25,20.62,24193336
2011-04-06,20.5,20.74,20.3,20.62,29025448
2011-04-07,20.64,20.78,20.3,20.76,30053476
2011-04-08,20.78,20.85,20.55,20.78,29987608
2011-04-11,20.85,20.93,20.12,20.15,54258400
2011-04-12,20.11,20.27,19.91,20.13,33281392
2011-04-13,20.0,20.4,19.97,20.38,23044814
2011-04-14,20.4,20.46,20.15,20.18,16962436
2011-04-15,20.1,20.29,19.83,20.06,24731120
2011-04-18,19.99,20.5,19.9,20.26,26758820
2011-04-19,20.15,20.15,19.45,19.48,46532440
2011-04-20,19.61,19.67,19.31,19.47,24978476
2011-04-21,19.5,19.67,19.3,19.38,30158490
2011-04-22,19.4,19.45,19.0,19.15,30895416
2011-04-25,19.16,19.18,18.64,18.78,29860028
2011-04-26,18.71,19.14,18.62,18.98,27585504
2011-04-27,19.04,19.2,18.28,18.49,31616540
2011-04-28,18.6,18.66,17.95,17.99,23053428
2011-04-29,18.15,18.4,18.06,18.35,16326622
2011-05-03,18.4,18.74,18.32,18.65,19219280
2011-05-04,18.56,18.56,18.01,18.07,17416674
2011-05-05,18.08,18.2,17.78,17.86,19577144
2011-05-06,17.79,18.18,17.57,18.11,14547556
2011-05-09,18.14,18.34,18.02,18.11,14546477
2011-05-10,18.12,18.2,17.91,18.18,13764574
2011-05-12,17.96,17.98,17.6,17.63,21957508
2011-05-13,17.68,17.82,17.43,17.79,18349288
2011-05-16,17.9,18.66,17.84,18.44,41538628
2011-05-17,18.45,18.57,18.19,18.42,20097790
2011-05-18,18.51,18.55,18.33,18.42,11538092
2011-05-19,18.42,18.68,18.3,18.32,14346339
2011-05-20,18.3,18.4,18.01,18.16,13997535
2011-05-23,18.16,18.17,17.47,17.49,18630372
2011-05-24,17.49,17.71,17.49,17.55,11734740
2011-05-25,17.7,17.7,17.23,17.26,11645937
2011-05-26,17.62,17.78,17.36,17.4,16264176
2011-05-27,17.54,17.9,17.36,17.42,22798444
2011-05-30,17.5,17.52,17.13,17.21,16548700
2011-05-31,17.4,17.7,17.18,17.69,20147084
2011-06-01,17.76,17.8,17.63,17.77,17759012
2011-06-02,17.5,17.6,17.31,17.45,16638782
2011-06-03,17.56,18.0,17.56,17.9,20608388
2011-06-07,13.7,13.86,13.64,13.84,13967152
2011-06-08,13.79,13.79,13.51,13.65,16291297
2011-06-09,13.61,13.62,13.16,13.21,19434798
2011-06-10,13.22,13.3,12.9,13.11,17790928
2011-06-13,13.09,13.3,12.93,13.2,14564063
2011-06-14,13.24,13.41,13.21,13.31,15397366
2011-06-15,13.25,13.4,12.98,13.02,22654160
2011-06-16,12.89,12.93,12.72,12.73,22385408
2011-06-17,12.69,12.79,12.4,12.41,25383144
2011-06-20,12.49,12.52,12.08,12.2,15237013
2011-06-21,12.23,12.38,12.06,12.37,19618684
2011-06-22,12.38,12.41,12.09,12.22,19546128
2011-06-23,12.16,12.54,12.07,12.48,27842190
2011-06-24,12.4,12.94,12.37,12.8,38752768
2011-06-27,12.85,13.3,12.85,13.09,37947788
2011-06-28,13.11,13.15,12.86,12.97,22993964
2011-06-29,12.98,13.02,12.75,12.75,17417516
2011-06-30,12.76,13.09,12.75,12.94,20800800
2011-07-01,13.02,13.08,12.88,12.93,17394250
2011-07-04,13.01,13.38,13.0,13.32,34984620
2011-07-05,13.36,13.53,13.25,13.43,31499632
2011-07-06,13.42,13.42,13.17,13.38,22174574
2011-07-07,13.6,13.84,13.49,13.51,47636984
2011-07-08,13.5,13.6,13.35,13.41,20940596
2011-07-11,13.36,13.45,13.2,13.4,22010776
2011-07-12,13.25,13.29,13.01,13.04,26386682
2011-07-13,13.04,13.47,13.04,13.46,36342948
2011-07-14,13.46,13.65,13.4,13.58,30365676
2011-07-15,13.56,13.62,13.39,13.54,27600404
2011-07-18,13.55,13.65,13.43,13.48,21997444
2011-07-19,13.37,13.43,13.21,13.29,18993946
2011-07-20,13.47,13.55,13.3,13.34,24063740
2011-07-21,13.3,13.42,13.08,13.11,21785892
2011-07-22,13.12,13.22,13.08,13.21,14839313
2011-07-25,13.08,13.1,12.11,12.31,55804252
2011-07-26,12.31,12.36,12.17,12.24,17684568
2011-07-27,12.18,12.4,12.15,12.3,25736148
2011-07-28,12.15,12.19,11.92,12.02,30458724
2011-07-29,12.04,12.13,11.84,11.89,20332700
2011-08-01,11.92,12.08,11.85,12.08,21826898
2011-08-02,11.98,12.05,11.82,12.03,19616826
2011-08-03,11.89,12.08,11.78,11.94,18027300
2011-08-04,11.94,12.08,11.92,12.03,16397444
2011-08-05,11.7,11.76,11.55,11.59,33151490
2011-08-08,11.4,11.4,10.78,10.87,42069592
2011-08-09,10.49,10.78,10.23,10.65,37137956
2011-08-10,10.95,11.01,10.66,10.73,34488936
2011-08-11,10.39,10.83,10.33,10.79,24519644
2011-08-12,10.91,11.05,10.84,10.93,25852224
2011-08-15,10.95,11.16,10.9,11.15,22558786
2011-08-16,11.15,11.2,10.93,11.0,19379640
2011-08-17,10.96,11.02,10.83,10.89,14941181
2011-08-18,10.93,10.98,10.59,10.62,22333324
2011-08-19,10.28,10.44,10.18,10.32,26219366
2011-08-22,10.33,10.62,10.25,10.36,25855410
2011-08-23,10.42,10.5,10.31,10.49,20979316
2011-08-24,10.57,10.6,10.39,10.42,23246470
2011-08-25,10.43,10.76,10.38,10.73,31307768
2011-08-26,10.67,10.75,10.56,10.68,25310252
2011-08-29,10.6,10.71,10.53,10.56,15419871
2011-08-30,10.65,10.71,10.43,10.46,18655166
2011-08-31,10.52,10.53,10.39,10.45,10948051
2011-09-01,10.51,10.55,10.35,10.38,10431397
2011-09-02,10.38,10.45,10.2,10.29,12623841
2011-09-05,10.16,10.16,9.98,10.01,16056424
2011-09-06,10.07,10.45,10.07,10.24,29842126
2011-09-07,10.3,10.4,10.1,10.37,17345820
2011-09-08,10.38,10.44,10.25,10.25,13284034
2011-09-09,10.25,10.41,10.2,10.27,12425584
2011-09-13,10.09,10.14,10.0,10.08,10114875
2011-09-14,10.14,10.19,9.99,10.18,10699263
2011-09-15,10.2,10.24,10.1,10.11,11774994
2011-09-16,10.16,10.24,10.04,10.08,10438638
2011-09-19,10.12,10.13,9.94,9.95,15064301
2011-09-20,9.95,10.02,9.85,9.98,12537021
2011-09-21,9.92,10.45,9.91,10.32,28061416
2011-09-22,10.23,10.33,9.98,10.0,19524228
2011-09-23,9.85,10.05,9.8,9.93,17295840
2011-09-26,9.89,10.02,9.82,9.84,11848392
2011-09-27,9.94,10.06,9.83,9.98,13448737
2011-09-28,10.08,10.4,10.02,10.14,37770588
2011-09-29,10.11,10.49,10.06,10.39,60829608
2011-09-30,10.42,10.44,10.17,10.27,29359448
2011-10-10,10.39,10.43,10.3,10.37,19830784
2011-10-11,10.62,10.7,10.32,10.43,28815000
2011-10-12,10.4,10.86,10.18,10.8,57691056
2011-10-13,10.81,10.89,10.62,10.75,44759440
2011-10-14,10.7,10.83,10.62,10.71,19273000
2011-10-17,10.73,10.78,10.53,10.59,19795504
2011-10-18,10.52,10.52,9.85,9.94,40397964
2011-10-19,9.97,10.12,9.95,9.96,17405190
2011-10-20,9.95,9.95,9.42,9.61,26330974
2011-10-21,9.52,9.67,9.46,9.47,11650357
2011-10-24,9.57,9.69,9.4,9.67,13773504
2011-10-25,9.68,9.9,9.54,9.86,22489202
2011-10-26,9.77,9.99,9.73,9.86,26000480
2011-10-27,9.87,9.95,9.81,9.83,18936824
2011-10-28,10.0,10.07,9.87,10.04,31151406
2011-10-31,10.0,10.13,9.96,10.05,19937926
2011-11-01,9.94,10.1,9.9,10.0,19955680
2011-11-02,9.86,10.14,9.8,10.13,30267100
2011-11-03,10.19,10.74,10.19,10.46,68677088
2011-11-04,10.62,10.75,10.41,10.64,51240428
2011-11-07,10.55,10.76,10.53,10.53,28381532
2011-11-08,10.53,10.58,10.29,10.34,29350588
2011-11-09,10.38,10.52,10.26,10.52,24520432
2011-11-11,10.38,10.47,10.18,10.27,24915984
2011-11-14,10.37,10.54,10.31,10.52,23637104
2011-11-15,10.51,10.79,10.47,10.74,36474200
2011-11-16,10.78,10.89,10.34,10.4,34081700
2011-11-17,10.39,10.48,10.31,10.32,16510104
2011-11-18,10.25,10.28,9.8,9.91,28179604
2011-11-21,9.96,10.02,9.8,9.99,10342066
2011-11-22,9.91,9.99,9.8,9.93,10333498
2011-11-23,9.97,10.03,9.9,9.93,10126921
2011-11-24,9.85,9.98,9.77,9.89,9704862
2011-11-25,9.89,9.92,9.68,9.69,9619278
2011-11-28,9.71,9.82,9.62,9.65,10643125
2011-11-29,9.78,9.84,9.66,9.83,11285671
2011-11-30,9.8,9.83,9.38,9.4,18193404
2011-12-01,9.66,9.79,9.55,9.56,18972908
2011-12-02,9.56,9.59,9.36,9.38,11394193
2011-12-05,9.48,9.48,9.26,9.33,8609114
2011-12-06,9.31,9.35,9.23,9.3,7909816
2011-12-07,9.3,9.37,9.22,9.27,7038935
2011-12-08,9.27,9.42,9.16,9.28,8248640
2011-12-09,9.21,9.34,9.19,9.23,5566773
2011-12-12,9.23,9.29,9.02,9.04,7663068
2011-12-13,9.03,9.12,8.71,8.74,14437474
2011-12-14,8.7,8.8,8.31,8.34,14941129
2011-12-15,8.33,8.34,7.95,7.99,18610428
2011-12-16,8.03,8.2,7.93,8.17,14184739
2011-12-19,8.14,8.2,7.93,8.11,16193795
2011-12-20,8.1,8.24,7.99,8.0,15754399
2011-12-21,8.13,8.17,7.74,7.77,16556115
2011-12-22,7.76,7.8,7.47,7.72,16852240
2011-12-23,7.7,7.86,7.68,7.75,11926068
2011-12-27,7.69,7.69,7.43,7.45,14598378
2011-12-28,7.44,7.58,7.32,7.52,12285718
2011-12-29,7.46,7.79,7.45,7.6,15422589
2011-12-30,7.76,7.76,7.6,7.68,13958659
2012-01-04,7.74,7.77,7.46,7.46,11582656
2012-01-05,7.42,7.49,7.34,7.36,10646462
2012-01-06,7.35,7.55,7.29,7.53,11643646
2012-01-09,7.58,7.83,7.45,7.82,18197556
2012-01-10,7.83,8.2,7.79,8.17,30455282
2012-01-11,8.16,8.25,8.1,8.16,22146436
2012-01-12,8.17,8.44,8.16,8.18,20740628
2012-01-13,8.22,8.22,7.86,7.9,15849227
2012-01-16,7.85,7.97,7.77,7.86,11872860
2012-01-17,7.84,8.33,7.83,8.27,22376140
2012-01-18,8.27,8.39,8.11,8.17,19919252
2012-01-19,8.16,8.3,8.14,8.22,14776864
2012-01-20,8.29,8.32,8.21,8.27,13270359
2012-01-30,8.3,8.33,8.09,8.09,12378535
2012-01-31,8.08,8.18,8.07,8.11,6673640
2012-02-01,8.13,8.2,8.0,8.01,10071528
2012-02-02,8.02,8.16,8.0,8.14,10505980
2012-02-03,8.13,8.27,8.05,8.26,18758040
2012-02-06,8.32,8.34,8.21,8.27,17074156
2012-02-07,8.22,8.25,8.03,8.06,13134847
2012-02-08,8.08,8.37,8.04,8.31,19449906
2012-02-09,8.3,8.59,8.27,8.43,30499960
2012-02-10,8.37,8.5,8.35,8.4,22118818
2012-02-13,8.34,8.52,8.27,8.43,21388084
2012-02-14,8.4,8.45,8.34,8.39,11800420
2012-02-15,8.35,8.55,8.35,8.54,23591612
2012-02-16,8.52,8.57,8.38,8.47,23647120
2012-02-17,8.56,8.7,8.54,8.58,39058776
2012-02-20,8.73,8.74,8.52,8.53,25603088
2012-02-21,8.54,8.66,8.46,8.62,20356908
2012-02-22,8.64,8.75,8.64,8.73,30162296
2012-02-23,8.73,8.88,8.64,8.88,43857032
2012-02-24,8.85,8.96,8.8,8.93,34240116
2012-02-27,8.95,9.12,8.93,8.93,40790560
2012-02-28,8.89,8.94,8.73,8.8,34350280
2012-02-29,8.8,8.85,8.72,8.74,17674820
2012-03-01,8.72,8.8,8.69,8.73,15097449
2012-03-02,8.72,8.87,8.72,8.85,21575720
2012-03-05,8.85,8.93,8.74,8.77,26551006
2012-03-06,8.76,8.76,8.53,8.56,29232914
2012-03-07,8.49,8.6,8.45,8.49,18784596
2012-03-08,8.49,8.61,8.49,8.59,18268326
2012-03-09,8.62,8.7,8.55,8.7,21369112
2012-03-12,8.72,8.78,8.66,8.73,21910994
2012-03-13,8.72,8.92,8.7,8.91,32393772
2012-03-14,8.93,8.97,8.43,8.52,43446520
2012-03-15,8.5,8.55,8.3,8.34,23587664
2012-03-16,8.36,8.43,8.26,8.42,16686764
2012-03-19,8.43,8.49,8.34,8.48,17051600
2012-03-20,8.48,8.48,8.28,8.3,15948414
2012-03-21,8.36,8.42,8.27,8.35,12567526
2012-03-22,8.37,8.39,8.31,8.32,8981975
2012-03-23,8.32,8.32,8.08,8.12,15964992
2012-03-26,8.15,8.23,8.09,8.14,8913496
2012-03-27,8.18,8.24,8.11,8.12,7925237
2012-03-28,8.11,8.12,7.7,7.73,19327678
2012-03-29,7.7,7.72,7.48,7.55,15895278
2012-03-30,7.58,7.74,7.52,7.71,14383809
2012-04-05,7.68,7.84,7.62,7.81,15412148
2012-04-06,7.8,7.82,7.72,7.77,10397305
2012-04-09,7.77,7.77,7.57,7.59,11577809
2012-04-10,7.55,7.67,7.43,7.66,11041288
2012-04-11,7.58,7.67,7.51,7.61,9892532
2012-04-12,7.64,7.77,7.59,7.76,15154730
2012-04-13,7.82,7.93,7.81,7.88,17166780
2012-04-16,7.8,7.89,7.78,7.86,9598239
2012-04-18,7.82,8.0,7.76,7.99,20799128
2012-04-19,8.0,8.05,7.91,7.96,11576233
2012-04-20,7.94,8.0,7.9,7.98,13377858
2012-04-23,7.98,8.0,7.81,7.83,14464198
2012-04-24,7.81,7.93,7.6,7.72,17447796
2012-04-25,7.74,7.83,7.69,7.81,13384559
2012-04-26,7.84,8.17,7.83,8.06,33879912
2012-04-27,8.06,8.13,7.99,8.04,16915152
2012-05-02,8.25,8.31,8.13,8.2,26748028
2012-05-03,8.15,8.23,8.14,8.15,13398711
2012-05-04,8.17,8.38,8.16,8.27,23040552
2012-05-07,8.26,8.27,8.16,8.21,19761372
2012-05-08,8.25,8.33,8.21,8.24,20850708
2012-05-09,8.2,8.2,8.0,8.0,21545522
2012-05-10,8.0,8.08,7.99,8.05,11320103
2012-05-11,8.05,8.07,7.94,7.95,12169980
2012-05-14,8.07,8.09,7.92,7.93,15746556
2012-05-15,7.89,7.9,7.79,7.86,13584338
2012-05-16,7.83,7.85,7.7,7.71,12109423
2012-05-17,7.71,7.84,7.71,7.82,8273656
2012-05-18,7.75,7.79,7.67,7.68,10464824
2012-05-21,7.69,7.78,7.67,7.72,7493509
2012-05-22,7.76,7.83,7.74,7.81,11179358
2012-05-23,7.8,7.83,7.72,7.74,8703247
2012-05-24,7.78,7.97,7.75,7.83,17612960
2012-05-25,7.82,7.86,7.71,7.74,11850029
2012-05-28,7.73,7.87,7.56,7.84,15667253
2012-05-29,7.84,7.96,7.82,7.95,20193250
2012-05-30,7.96,7.97,7.86,7.91,12588426
2012-05-31,7.81,7.87,7.77,7.81,8998256
2012-06-04,7.65,7.69,7.53,7.54,16358590
2012-06-05,7.54,7.62,7.5,7.53,12093355
2012-06-06,7.57,7.58,7.45,7.48,7821774
2012-06-07,7.56,7.58,7.4,7.41,10103816
2012-06-08,7.49,7.49,7.36,7.37,11236540
2012-06-11,7.42,7.51,7.38,7.5,9322601
2012-06-12,7.43,7.45,7.36,7.38,7181941
2012-06-13,7.38,7.5,7.38,7.48,9343580
2012-06-14,7.47,7.48,7.4,7.42,9631596
2012-06-15,7.44,7.51,7.41,7.48,9372256
2012-06-18,7.5,7.58,7.44,7.48,11816844
2012-06-19,7.48,7.54,7.4,7.43,10657182
2012-06-20,7.45,7.47,7.37,7.38,8797819
2012-06-21,7.38,7.4,7.29,7.31,9872250
2012-06-25,7.3,7.35,6.97,7.05,14552611
2012-06-26,7.04,7.05,6.96,7.03,11665054
2012-06-27,7.03,7.12,6.99,7.01,10649836
2012-06-28,7.03,7.05,6.74,6.76,16257726
2012-06-29,6.74,6.85,6.7,6.77,22733410
2012-07-02,6.85,6.86,6.64,6.73,21407054
2012-07-03,6.72,6.79,6.68,6.73,12433600
2012-07-04,6.74,6.79,6.63,6.69,12750827
2012-07-05,6.67,6.67,6.35,6.45,19511212
2012-07-06,6.48,6.5,6.21,6.46,20450958
2012-07-09,6.44,6.44,6.22,6.23,11947899
2012-07-10,6.2,6.25,6.15,6.2,11320530
2012-07-11,6.2,6.29,6.2,6.27,9990857
2012-07-12,6.26,6.34,6.19,6.31,17477150
2012-07-13,6.3,6.39,6.29,6.31,10416874
2012-07-16,6.32,6.35,6.13,6.14,13019719
2012-07-17,6.14,6.22,6.13,6.2,6266455
2012-07-18,6.2,6.3,6.17,6.3,8974288
2012-07-19,6.3,6.47,6.28,6.39,16346436
2012-07-20,6.36,6.41,6.3,6.33,7924438
2012-07-23,6.29,6.29,6.18,6.23,7665298
2012-07-24,6.18,6.33,6.17,6.25,7406936
2012-07-25,6.23,6.28,6.18,6.21,6251380
2012-07-26,6.22,6.28,6.19,6.23,6766108
2012-07-27,6.25,6.29,6.21,6.28,8221880
2012-07-30,6.31,6.85,6.31,6.58,40486636
2012-07-31,6.5,6.59,6.45,6.45,17470474
2012-08-01,6.46,6.73,6.45,6.61,18259384
2012-08-02,6.63,6.63,6.52,6.57,11522744
2012-08-03,6.6,6.63,6.47,6.6,12966645
2012-08-06,6.6,6.69,6.54,6.69,24226176
2012-08-07,6.73,6.84,6.66,6.7,22175770
2012-08-08,6.67,6.74,6.56,6.61,15241803
2012-08-09,6.62,6.65,6.53,6.64,14842550
2012-08-10,6.63,6.64,6.52,6.56,14608757
2012-08-13,6.54,6.59,6.47,6.48,16111656
2012-08-14,6.46,6.51,6.38,6.5,11693662
2012-08-15,6.47,6.49,6.33,6.34,11254026
2012-08-16,6.33,6.38,6.28,6.33,7488270
2012-08-17,6.32,6.38,6.31,6.37,7823584
2012-08-20,6.35,6.35,6.25,6.33,7879043
2012-08-21,6.33,6.41,6.27,6.38,9972208
2012-08-22,6.38,6.39,6.31,6.32,9369432
2012-08-23,6.34,6.38,6.3,6.36,7942610
2012-08-24,6.33,6.34,6.2,6.23,9723963
2012-08-27,6.21,6.22,5.98,6.0,22650434
2012-08-28,6.0,6.08,5.97,6.03,11543338
2012-08-29,6.01,6.02,5.92,5.93,7736312
2012-08-30,5.89,5.97,5.87,5.91,8868789
2012-08-31,5.91,5.93,5.85,5.9,6638015
2012-09-03,5.9,5.95,5.88,5.94,8842302
2012-09-04,5.95,6.12,5.93,6.02,17303094
2012-09-05,6.06,6.1,5.97,6.06,14178203
2012-09-06,6.08,6.1,6.02,6.07,8118059
2012-09-07,6.08,6.45,6.07,6.37,37832236
2012-09-10,6.4,6.41,6.28,6.35,22055588
2012-09-11,6.32,6.34,6.24,6.31,15759354
2012-09-12,6.32,6.38,6.25,6.31,16413856
2012-09-13,6.3,6.36,6.18,6.19,18584164
2012-09-14,6.25,6.27,6.18,6.21,16754496
2012-09-17,6.22,6.24,6.0,6.01,14178474
2012-09-18,5.99,6.03,5.95,5.99,8116626
2012-09-19,5.99,6.05,5.96,6.02,7354637
2012-09-20,6.02,6.03,5.81,5.82,11650798
2012-09-21,5.8,5.87,5.79,5.81,7893799
2012-09-24,5.76,5.82,5.69,5.76,11867606
2012-09-25,5.76,5.76,5.64,5.65,9366075
2012-09-26,5.64,5.69,5.51,5.52,9570123
2012-09-27,5.53,5.98,5.52,5.83,22497712
2012-09-28,6.0,6.41,5.92,6.41,82582712
2012-10-08,6.58,6.85,6.5,6.66,129317520
2012-10-09,6.68,6.83,6.58,6.79,86137640
2012-10-10,6.69,6.79,6.61,6.69,56158404
2012-10-11,6.64,6.67,6.49,6.51,47710648
2012-10-12,6.53,6.65,6.45,6.55,32705976
2012-10-15,6.51,6.53,6.35,6.46,26319160
2012-10-16,6.48,6.65,6.46,6.49,40726212
2012-10-17,6.53,6.57,6.37,6.46,21463512
2012-10-18,6.46,6.59,6.45,6.57,28524746
2012-10-19,6.58,6.58,6.49,6.51,15982053
2012-10-22,6.48,6.5,6.38,6.44,17130916
2012-10-23,6.43,6.55,6.41,6.42,17283104
2012-10-24,6.4,6.49,6.35,6.42,19729620
2012-10-25,6.46,6.48,6.33,6.35,20435612
2012-10-26,6.36,6.36,6.0,6.02,33302004
2012-10-29,6.02,6.13,6.02,6.06,12045811
2012-10-30,6.09,6.1,5.97,6.01,12052383
2012-10-31,6.02,6.09,5.99,6.08,11503877
2012-11-01,6.08,6.22,6.08,6.18,18396790
2012-11-02,6.21,6.25,6.14,6.22,12978863
2012-11-05,6.18,6.26,6.18,6.2,12070595
2012-11-06,6.22,6.22,6.04,6.11,13770085
2012-11-07,6.14,6.18,6.06,6.15,10529304
2012-11-08,6.09,6.1,5.93,5.94,15127738
2012-11-09,5.94,5.99,5.89,5.95,9694177
2012-11-12,6.02,6.13,6.02,6.09,16524525
2012-11-13,6.09,6.09,5.96,5.98,11949200
2012-11-14,6.0,6.06,5.95,6.05,9670223
2012-11-15,6.0,6.08,5.95,5.96,9339980
2012-11-16,5.94,5.95,5.87,5.92,10640179
2012-11-19,5.9,5.96,5.86,5.95,5540010
2012-11-20,5.97,5.98,5.92,5.93,5962457
2012-11-21,5.88,6.05,5.88,6.04,9748456
2012-11-22,6.01,6.07,5.98,6.06,8870429
2012-11-23,6.08,6.09,6.02,6.04,8129274
2012-11-26,6.02,6.05,5.93,5.94,7064428
2012-11-27,5.9,5.94,5.82,5.82,11188675
2012-11-28,5.8,5.81,5.74,5.77,7057438
2012-11-29,5.78,5.82,5.75,5.75,6015400
2012-11-30,5.73,5.82,5.72,5.8,6262024
2012-12-03,5.81,5.83,5.75,5.75,6356288
2012-12-04,5.79,5.81,5.62,5.8,9951706
2012-12-05,5.78,6.05,5.75,6.0,20651292
2012-12-06,6.03,6.04,5.95,5.98,10543453
2012-12-07,5.98,6.08,5.95,6.07,21460294
2012-12-10,6.07,6.17,6.05,6.16,25620716
2012-12-11,6.19,6.24,6.12,6.13,26040204
2012-12-12,6.13,6.16,6.06,6.14,15739457
2012-12-13,6.13,6.13,6.01,6.03,13229522
2012-12-14,6.05,6.38,6.04,6.32,45304752
2012-12-17,6.3,6.36,6.27,6.32,32497376
2012-12-18,6.33,6.41,6.28,6.29,24909720
2012-12-19,6.32,6.41,6.3,6.32,22601588
2012-12-20,6.38,6.54,6.38,6.45,41539724
2012-12-21,6.45,6.48,6.34,6.35,21679630
2012-12-24,6.35,6.41,6.3,6.32,15745247
2012-12-25,6.32,6.55,6.3,6.47,34556776
2012-12-26,6.47,6.49,6.43,6.48,21766266
2012-12-27,6.48,6.51,6.41,6.42,27446920
2012-12-28,6.42,6.47,6.39,6.45,22392374
2012-12-31,6.48,6.5,6.43,6.46,25133808
2013-01-04,6.51,6.54,6.44,6.51,33595240
2013-01-07,6.55,6.74,6.54,6.62,50813704
2013-01-08,6.62,6.72,6.52,6.65,35279968
2013-01-09,6.65,6.75,6.57,6.62,30353256
2013-01-10,6.67,6.84,6.66,6.77,46708372
2013-01-11,6.76,6.81,6.5,6.52,32359004
2013-01-14,6.5,6.8,6.49,6.78,42644488
2013-01-15,6.86,7.46,6.86,7.46,115044328
2013-01-16,7.69,7.85,7.51,7.65,153141392
2013-01-17,7.67,7.79,7.43,7.5,78372384
2013-01-18,7.55,8.05,7.49,7.88,119543288
2013-01-21,7.99,7.99,7.68,7.84,60061240
2013-01-22,7.82,8.18,7.72,7.9,80778288
2013-01-23,7.89,8.04,7.7,7.87,58452960
2013-01-24,7.9,8.03,7.48,7.59,60602516
2013-01-25,7.65,7.76,7.47,7.64,32428630
2013-01-28,7.68,7.84,7.64,7.73,35866516
2013-01-29,7.77,7.79,7.56,7.63,37822700
2013-01-30,7.64,8.04,7.5,7.85,71876736
2013-01-31,7.89,8.09,7.75,7.9,57846940
2013-02-01,7.9,8.06,7.81,7.9,43383556
2013-02-04,7.92,8.35,7.84,8.31,92534904
2013-02-05,8.21,8.24,8.11,8.21,46169216
2013-02-06,8.2,8.23,7.96,8.02,46032220
2013-02-07,8.01,8.11,7.92,8.06,29583588
2013-02-08,8.06,8.11,8.0,8.04,27732766
2013-02-18,8.1,8.15,7.95,7.99,27227936
2013-02-19,7.99,8.19,7.92,7.99,40574440
2013-02-20,7.95,7.99,7.75,7.92,47003248
2013-02-21,7.83,7.86,7.6,7.65,51084624
2013-02-22,7.63,7.81,7.61,7.65,24585696
2013-02-25,7.7,7.75,7.61,7.64,19930694
2013-02-26,7.65,7.75,7.41,7.44,27269228
2013-02-27,7.48,7.55,7.26,7.37,28522536
2013-02-28,7.42,7.71,7.41,7.7,38998336
2013-03-01,7.7,7.8,7.55,7.78,32257008
2013-03-04,7.72,7.84,7.51,7.57,30328800
2013-03-05,7.64,7.71,7.59,7.68,26959886
2013-03-06,7.73,8.08,7.6,7.96,54777408
2013-03-07,7.9,7.99,7.69,7.78,29828678
2013-03-08,7.78,7.87,7.66,7.69,17354132
2013-03-11,7.65,7.65,7.52,7.54,17039626
2013-03-12,7.54,7.6,7.31,7.4,23248414
2013-03-13,7.38,7.42,7.17,7.21,19321680
2013-03-14,7.19,7.37,7.19,7.29,12656590
2013-03-15,7.32,7.45,7.19,7.32,18659620
2013-03-18,7.33,7.35,6.98,7.01,28198672
2013-03-19,7.01,7.08,6.84,6.95,27875672
2013-03-20,6.96,7.22,6.9,7.18,42636888
2013-03-21,7.19,7.24,7.08,7.16,24226226
2013-03-22,7.13,7.18,7.01,7.06,25348576
2013-03-25,7.09,7.13,7.01,7.07,15594457
2013-03-26,7.09,7.11,6.93,6.99,22223544
2013-03-27,6.93,7.03,6.87,6.92,18866494
2013-03-28,6.89,6.89,6.67,6.67,31128556
2013-03-29,6.73,6.76,6.6,6.64,17642696
2013-04-01,6.64,6.68,6.58,6.67,14582066
2013-04-02,6.69,6.8,6.66,6.73,15193132
2013-04-03,6.73,6.79,6.69,6.72,9501967
2013-04-08,6.64,6.73,6.46,6.72,17393528
2013-04-09,6.74,6.81,6.73,6.78,14882014
2013-04-10,6.87,6.9,6.77,6.83,13297924
2013-04-11,6.88,6.9,6.73,6.73,11313720
2013-04-12,6.77,6.78,6.62,6.71,13798891
2013-04-15,6.68,6.7,6.54,6.57,10568672
2013-04-16,6.54,6.68,6.49,6.67,10183759
2013-04-17,6.67,6.84,6.64,6.75,18288300
2013-04-18,6.71,6.84,6.69,6.7,13769226
2013-04-19,6.69,6.9,6.69,6.9,22503264
2013-04-22,6.86,6.98,6.85,6.92,17545982
2013-04-23,6.92,6.93,6.6,6.62,20143278
2013-04-24,6.64,6.8,6.62,6.73,12444980
2013-04-25,6.74,6.78,6.63,6.66,14100267
2013-04-26,6.71,6.76,6.6,6.64,7907207
2013-05-02,6.66,6.78,6.61,6.67,16220033
2013-05-03,6.7,7.07,6.67,6.99,42964528
2013-05-06,7.04,7.21,6.99,7.08,32097122
2013-05-07,7.13,7.14,7.01,7.06,19728904
2013-05-08,7.11,7.15,7.03,7.08,16894936
2013-05-09,7.1,7.11,6.97,7.02,19334078
2013-05-10,6.99,7.15,6.95,7.15,25782854
2013-05-13,7.18,7.19,7.07,7.12,15133743
2013-05-14,7.18,7.28,7.06,7.15,33620736
2013-05-15,7.2,7.38,7.18,7.37,45188748
2013-05-16,7.4,7.98,7.39,7.7,83438896
2013-05-17,7.65,7.97,7.56,7.83,65889060
2013-05-20,7.84,8.06,7.78,7.81,57413464
2013-05-21,8.43,8.59,8.16,8.23,124942624
2013-05-22,8.3,8.94,8.16,8.72,155809136
2013-05-23,8.5,8.95,8.43,8.69,116602664
2013-05-24,8.69,8.86,8.55,8.78,68397632
2013-05-27,8.75,9.51,8.71,9.39,141433440
2013-05-28,9.39,9.55,9.17,9.33,86401968
2013-05-29,9.34,9.4,9.12,9.27,56769688
2013-05-30,9.21,9.34,9.13,9.29,50122128
2013-05-31,9.25,9.29,8.51,8.53,90991984
2013-06-03,8.46,8.68,8.41,8.46,57742160
2013-06-04,8.46,8.52,8.21,8.5,55032928
2013-06-05,8.45,8.48,8.26,8.35,37980672
2013-06-06,8.34,8.34,8.11,8.16,32301216
2013-06-07,8.19,8.23,7.88,7.9,41760012
2013-06-13,7.79,8.07,7.51,8.02,45344616
2013-06-14,8.0,8.21,7.97,8.15,42134068
2013-06-17,8.39,8.63,8.21,8.61,73301720
2013-06-18,8.68,8.79,8.53,8.61,47988568
2013-06-19,8.51,8.75,8.38,8.65,42862980
2013-06-20,8.58,8.66,7.9,7.93,47868136
2013-06-21,7.77,8.18,7.56,8.1,34410656
2013-06-24,8.06,8.06,7.48,7.55,47667936
2013-06-25,7.5,7.85,7.03,7.82,66178224
2013-06-26,7.8,8.09,7.7,7.95,45763672
2013-06-27,8.0,8.28,7.95,8.0,54155728
2013-06-28,8.0,8.28,7.82,8.05,34677656
2013-07-01,7.95,8.25,7.95,8.17,26262914
2013-07-02,8.18,8.23,8.03,8.18,30826132
2013-07-03,8.14,8.39,8.04,8.38,44040716
2013-07-04,8.37,8.59,8.24,8.46,42972600
2013-07-05,8.5,8.53,8.1,8.14,48156692
2013-07-08,7.91,8.05,7.6,7.69,38396952
2013-07-09,7.65,7.77,7.63,7.68,16130150
2013-07-10,7.71,7.98,7.7,7.96,25434326
2013-07-11,8.05,8.34,8.05,8.27,42769236
2013-07-12,8.28,8.96,8.25,8.55,81706608
2013-07-15,8.6,8.77,8.55,8.65,44574892
2013-07-16,8.95,9.25,8.78,8.84,71114208
2013-07-17,8.7,8.89,8.48,8.48,47923440
2013-07-18,8.4,8.82,8.37,8.61,44938488
2013-07-19,8.91,9.05,8.52,8.55,65558744
2013-07-22,8.49,8.7,8.4,8.62,35579172
2013-07-23,8.62,9.0,8.62,8.98,65863692
2013-07-24,8.98,9.02,8.73,8.95,47134484
2013-07-25,8.9,9.0,8.67,8.73,41159892
2013-07-26,8.75,8.8,8.28,8.42,49994264
2013-07-29,8.6,8.64,8.27,8.38,38969860
2013-07-30,8.2,8.37,7.78,7.97,67475784
2013-07-31,7.97,8.07,7.89,7.99,34153900
2013-08-01,8.05,8.18,8.0,8.17,34564672
2013-08-02,8.32,8.38,8.21,8.24,38302192
2013-08-05,8.27,8.29,8.05,8.17,31036380
2013-08-06,8.2,8.25,8.06,8.19,33410492
2013-08-07,8.21,8.43,8.06,8.31,55699352
2013-08-08,8.29,8.3,8.11,8.14,31147100
2013-08-09,8.12,8.23,8.02,8.1,28244652
2013-08-12,8.11,8.36,8.1,8.35,46110088
2013-08-13,8.38,8.66,8.33,8.64,69097840
2013-08-14,8.65,8.73,8.47,8.5,50136024
2013-08-15,8.55,8.65,8.35,8.37,32921124
2013-08-16,8.37,9.21,8.28,8.3,72486512
2013-08-19,8.1,8.39,8.05,8.34,32631872
2013-08-20,8.34,8.42,8.19,8.23,28222356
2013-08-21,8.26,8.29,8.12,8.21,18835596
2013-08-22,8.4,8.76,8.4,8.71,89224976
2013-08-23,8.76,8.98,8.57,8.9,103386608
2013-08-26,8.91,9.05,8.74,8.99,58309628
2013-08-27,8.93,9.0,8.82,8.89,41491152
2013-08-28,8.84,8.84,8.61,8.67,43243136
2013-08-29,8.67,8.87,8.63,8.71,26954232
2013-08-30,8.68,9.07,8.62,8.83,54508220
2013-09-02,9.05,9.09,8.83,8.89,44356412
2013-09-03,8.89,9.78,8.85,9.78,163131024
2013-09-04,9.8,9.95,9.58,9.93,120053984
2013-09-05,9.93,10.27,9.7,9.73,109723888
2013-09-06,9.7,10.13,9.62,9.75,67383512
2013-09-09,9.75,10.09,9.75,9.8,68045248
2013-09-10,9.74,10.05,9.59,9.99,53487104
2013-09-11,10.05,10.08,9.67,9.77,48749656
2013-09-12,9.7,10.0,9.68,9.82,40750056
2013-09-13,9.88,10.23,9.78,10.13,63774256
2013-09-16,10.2,10.73,10.1,10.44,89154112
2013-09-17,10.4,10.79,10.2,10.22,67106136
2013-09-18,10.2,10.39,10.0,10.26,40165856
2013-09-23,10.27,11.2,10.26,11.05,84057544
2013-09-24,11.15,11.15,10.65,10.95,52088724
2013-09-25,11.2,11.69,11.13,11.15,81484680
2013-09-26,11.07,11.41,10.92,11.14,59457516
2013-09-27,11.1,11.68,11.1,11.63,73140944
2013-09-30,11.91,12.5,11.9,12.07,66323516
2013-10-08,12.0,13.05,11.9,12.87,71986352
2013-10-09,12.8,12.98,12.49,12.87,61035736
2013-10-10,12.8,13.4,12.56,12.74,63485512
2013-10-11,12.78,13.36,12.29,12.5,81491680
2013-10-14,12.57,12.8,12.37,12.5,56305168
2013-10-15,12.44,12.8,12.18,12.41,49270568
2013-10-16,12.41,12.58,11.75,11.99,55887616
2013-10-17,12.15,12.4,12.02,12.26,50441400
2013-10-18,12.23,12.26,11.69,11.85,51457472
2013-10-21,11.95,13.04,11.95,13.04,99374488
2013-10-22,13.32,13.55,13.0,13.11,96529576
2013-10-23,13.16,13.2,12.08,12.4,64706004
2013-10-24,12.3,12.9,12.12,12.48,31854126
2013-10-25,12.48,13.06,12.3,12.51,61674268
2013-10-28,12.61,13.4,12.55,13.03,66410188
2013-10-29,13.03,13.26,11.76,12.66,59972484
2013-10-30,12.75,12.77,11.73,12.04,60624424
2013-10-31,12.08,12.11,10.84,10.92,94119072
2013-11-01,10.9,11.28,10.88,11.03,41703104
2013-11-04,11.15,11.55,11.15,11.4,31663402
2013-11-05,11.3,11.74,11.3,11.61,33241600
2013-11-06,11.56,11.88,11.26,11.51,56751008
2013-11-07,11.5,11.52,10.95,11.14,42059856
2013-11-08,11.0,11.07,10.72,10.87,22472524
2013-11-11,10.94,11.38,10.94,11.29,27976964
2013-11-12,11.37,11.71,11.35,11.59,27039544
2013-11-13,11.55,11.55,10.98,11.06,27517502
2013-11-14,11.11,11.48,11.11,11.39,34374280
2013-11-15,11.38,12.19,11.35,11.8,45650404
2013-11-18,12.02,12.27,11.9,12.17,35631576
2013-11-19,12.14,12.45,11.94,12.21,28135376
2013-11-20,12.27,12.37,12.02,12.2,18987360
2013-11-21,12.2,12.21,11.9,11.98,21125624
2013-11-22,12.0,12.17,11.75,11.83,22485522
2013-11-25,11.75,11.95,11.58,11.7,22800926
2013-11-26,11.7,11.75,11.4,11.5,21854136
2013-11-27,11.49,12.06,11.48,11.95,31703052
2013-11-28,11.97,12.18,11.96,11.98,24803872
2013-11-29,11.98,12.07,11.8,11.84,20513516
2013-12-02,11.77,11.77,11.09,11.22,34681376
2013-12-03,11.26,11.46,11.02,11.37,20987432
2013-12-04,11.47,11.78,11.31,11.66,26443844
2013-12-05,11.66,11.8,11.5,11.59,16590228
2013-12-06,11.58,11.59,11.23,11.4,18337616
2013-12-09,11.37,11.56,11.17,11.24,21118596
2013-12-10,11.24,11.34,10.92,11.0,34115744
2013-12-11,10.95,10.95,10.37,10.49,62936216
2013-12-12,10.52,10.66,10.38,10.52,31225648
2013-12-13,10.53,10.64,10.45,10.48,22004254
2013-12-16,10.57,10.87,10.48,10.81,34149136
2013-12-17,10.81,10.87,10.56,10.69,16756177
2013-12-18,10.78,10.78,10.52,10.53,11515879
2013-12-19,10.6,10.65,10.15,10.19,22846954
2013-12-20,10.2,10.32,9.71,9.89,41686828
2013-12-23,9.91,9.98,9.73,9.94,18399592
2013-12-24,9.99,10.2,9.8,10.0,23746160
2013-12-25,10.06,10.33,9.96,10.32,25520416
2013-12-26,10.41,10.86,10.38,10.44,39338528
2013-12-27,10.5,10.81,10.5,10.69,28636886
2013-12-30,10.74,10.9,10.58,10.61,20139232
2013-12-31,10.6,10.84,10.55,10.72,23006508
2014-01-02,10.66,10.78,10.6,10.73,13112078
2014-01-03,10.85,11.24,10.85,10.91,30812100
2014-01-06,10.9,10.9,10.5,10.58,15897341
2014-01-07,10.52,11.12,10.52,11.01,34833356
2014-01-08,11.01,11.06,10.65,10.98,23943420
2014-01-09,10.93,11.21,10.93,10.96,32560476
2014-01-10,10.9,10.92,10.38,10.45,28575784
2014-01-13,10.46,10.65,9.99,10.19,21088062
2014-01-14,10.11,10.13,9.35,10.04,41033300
2014-01-15,9.99,10.16,9.84,10.14,30381030
2014-01-16,10.18,10.7,10.14,10.24,52057560
2014-01-27,10.2,10.22,9.66,9.82,45693828
2014-01-28,9.82,9.86,9.46,9.55,19795112
2014-01-29,9.56,9.59,9.25,9.38,31348388
2014-01-30,9.5,9.77,9.42,9.47,33760528
2014-02-07,9.45,9.46,9.24,9.46,28790824
2014-02-10,9.55,10.41,9.55,10.41,85470608
2014-02-11,10.4,10.45,10.19,10.3,53999536
2014-02-12,10.22,10.22,10.0,10.14,61843772
2014-02-13,10.18,10.57,10.09,10.15,78768704
2014-02-14,10.14,10.25,10.0,10.24,45119304
2014-02-17,10.32,10.36,10.09,10.33,64167368
2014-02-18,10.33,11.07,10.26,10.79,139101520
2014-02-19,10.8,10.82,10.55,10.71,50556552
2014-02-20,10.81,11.06,10.56,10.61,63570184
2014-02-21,10.61,10.86,10.4,10.52,45979160
2014-02-24,10.48,10.72,10.3,10.69,39256080
2014-02-25,10.69,10.71,9.87,10.04,67609360
2014-02-26,9.92,9.93,9.32,9.65,67430040
2014-02-27,9.9,10.09,9.6,9.64,73430864
2014-02-28,9.7,9.98,9.55,9.9,36708924
2014-03-03,9.9,10.1,9.74,10.09,43728348
2014-03-04,9.95,10.05,9.76,9.86,34254788
2014-03-05,9.98,10.03,9.63,9.69,40893360
2014-03-06,9.68,9.75,9.46,9.75,28968332
2014-03-07,9.7,10.03,9.66,9.79,39289664
2014-03-10,9.65,9.69,9.01,9.26,43091952
2014-03-11,9.26,9.26,8.92,9.01,36319072
2014-03-12,9.02,9.09,8.77,9.09,25840468
2014-03-13,9.06,9.27,9.05,9.15,28453028
2014-03-14,9.08,9.18,8.97,9.02,18131880
2014-03-17,9.06,9.15,8.96,9.14,26074182
2014-03-18,9.15,9.28,9.1,9.15,31526626
2014-03-19,9.15,9.15,8.69,8.81,54483512
2014-03-20,8.76,8.76,8.36,8.37,70305096
2014-03-21,8.34,8.66,8.28,8.57,46754452
2014-03-24,8.68,8.72,8.6,8.66,35231768
2014-03-25,8.66,9.06,8.6,8.95,55571648
2014-03-26,9.0,9.07,8.85,8.99,25964804
2014-03-27,8.95,9.09,8.82,8.88,23819792
2014-03-28,8.86,9.21,8.83,8.91,39285620
2014-03-31,8.91,9.14,8.91,9.01,23309224
2014-04-01,9.03,9.15,8.91,9.06,24610800
2014-04-02,9.09,9.14,9.02,9.09,29567408
2014-04-03,9.17,9.32,9.1,9.17,33754400
2014-04-04,9.17,9.23,9.09,9.17,21693308
2014-04-08,9.15,9.34,9.09,9.31,37645392
2014-04-09,9.35,9.44,9.26,9.37,33592400
2014-04-10,9.4,9.42,9.25,9.38,34411088
2014-04-11,9.34,9.34,9.08,9.11,42468468
2014-04-14,9.1,9.54,9.1,9.53,57616028
2014-04-15,9.56,9.97,9.46,9.58,92244768
2014-04-16,9.51,9.83,9.47,9.65,48842204
2014-04-17,9.71,9.72,9.51,9.56,24004052
2014-04-18,9.5,9.54,9.41,9.47,19580134
2014-04-21,9.68,9.9,9.54,9.59,73320344
2014-04-22,9.6,9.65,9.06,9.37,48210592
2014-04-23,9.34,9.34,9.09,9.17,36266416
2014-04-24,9.15,9.15,9.0,9.06,29750144
2014-04-25,9.06,9.11,8.85,8.87,22541108
2014-04-30,9.02,9.18,8.85,8.94,38396224
2014-05-05,8.94,8.95,8.22,8.65,64596352
2014-05-06,8.6,8.85,8.53,8.79,39363640
2014-05-07,8.7,8.73,8.54,8.56,25333836
2014-05-08,8.55,8.68,8.46,8.48,30056480
2014-05-09,8.49,8.53,8.32,8.37,28377290
2014-05-12,8.47,8.66,8.36,8.63,41104068
2014-05-13,8.67,8.85,8.65,8.7,36517644
2014-05-14,8.75,8.78,8.63,8.66,21506216
2014-05-15,8.66,8.72,8.41,8.44,30077886
2014-05-16,8.4,8.49,8.35,8.46,19524344
2014-05-19,8.46,8.51,8.32,8.38,18323192
2014-05-20,8.45,8.53,8.4,8.45,16613016
2014-05-21,8.4,8.63,8.34,8.62,22997998
2014-05-22,8.66,8.78,8.56,8.57,31755252
2014-05-23,8.56,8.64,8.42,8.57,24663044
2014-05-26,8.6,8.74,8.58,8.73,28346836
2014-05-27,8.83,8.97,8.68,8.85,57218540
2014-05-28,8.84,8.93,8.74,8.87,37861200
2014-05-29,8.88,8.95,8.76,8.77,36611380
2014-05-30,8.83,9.07,8.8,8.88,53206392
2014-06-03,8.9,8.95,8.63,8.65,46964652
2014-06-04,8.65,8.66,8.39,8.49,35457160
2014-06-05,8.55,8.64,8.5,8.59,34939512
2014-06-06,8.59,8.65,8.45,8.51,22578228
2014-06-09,8.48,8.57,8.42,8.47,19451528
2014-06-10,8.5,8.62,8.46,8.6,25630948
2014-06-11,8.61,8.74,8.56,8.7,31123644
2014-06-12,8.7,8.77,8.62,8.75,30262152
2014-06-13,8.7,8.9,8.66,8.88,46595988
2014-06-16,8.84,8.84,8.73,8.75,31763968
2014-06-17,8.74,8.74,8.55,8.58,28991152
2014-06-18,8.58,8.64,8.55,8.6,18759768
2014-06-19,8.62,8.65,8.3,8.36,34213204
2014-06-20,8.37,8.42,8.28,8.4,21651908
2014-06-23,8.41,8.51,8.39,8.45,20830720
2014-06-24,8.44,8.48,8.35,8.42,23485860
2014-06-25,8.42,8.43,8.31,8.38,18119118
2014-06-26,8.42,8.48,8.39,8.43,21713034
2014-06-27,8.45,8.48,8.38,8.45,20895980
2014-06-30,8.45,8.52,8.43,8.49,23493626
2014-07-01,8.53,8.67,8.5,8.65,39242532
2014-07-02,8.66,8.7,8.55,8.65,26817176
2014-07-03,8.65,8.75,8.57,8.68,34408576
2014-07-04,8.68,8.69,8.55,8.59,30226488
2014-07-07,8.54,8.63,8.5,8.56,25331198
2014-07-08,8.56,8.57,8.45,8.51,25662492
2014-07-09,8.5,8.52,8.35,8.36,36272012
2014-07-10,8.4,8.48,8.35,8.44,28209974
2014-07-11,8.46,8.73,8.45,8.7,69399608
2014-07-14,8.71,8.95,8.7,8.86,59786556
2014-07-15,8.89,8.89,8.7,8.81,35039976
2014-07-16,8.81,8.82,8.72,8.77,27125008
2014-07-17,8.77,8.78,8.62,8.69,25049752
2014-07-18,8.63,8.84,8.61,8.75,30481944
2014-07-21,8.77,8.84,8.67,8.71,21807060
2014-07-22,8.7,8.95,8.64,8.91,63267384
2014-07-23,8.96,9.05,8.83,8.9,46793780
2014-07-24,8.94,9.08,8.89,9.07,55276564
2014-07-25,9.1,9.14,9.02,9.11,45276088
2014-07-28,9.11,9.3,9.06,9.28,74875896
2014-07-29,9.27,9.32,9.19,9.32,54847468
2014-07-30,9.29,9.33,9.12,9.14,51069464
2014-07-31,9.14,9.21,9.08,9.19,42302936
2014-08-01,9.15,9.26,9.03,9.04,49355488
2014-08-04,9.06,9.19,9.06,9.18,38985060
2014-08-05,9.2,9.24,9.08,9.15,37171796
2014-08-06,9.11,9.13,9.02,9.08,44955208
2014-08-07,9.08,9.32,9.03,9.29,88448432
2014-08-08,9.29,9.35,9.2,9.26,54696044
2014-08-11,9.29,9.48,9.27,9.43,61938824
2014-08-12,9.41,9.49,9.35,9.42,43790160
2014-08-13,9.44,9.46,9.13,9.26,48233924
2014-08-14,9.24,9.29,9.15,9.19,36485408
2014-08-15,9.21,9.29,9.18,9.26,34951344
2014-08-18,9.32,9.37,9.21,9.28,42296344
2014-08-19,9.3,9.32,9.17,9.24,44463488
2014-08-20,9.24,9.37,9.19,9.27,45983784
2014-08-21,9.25,9.3,9.11,9.17,35376036
2014-08-22,9.17,9.27,9.14,9.22,34297188
2014-08-25,9.22,9.25,9.11,9.12,30889592
2014-08-26,9.12,9.18,8.9,8.93,40164224
2014-08-27,8.93,8.98,8.85,8.91,30529288
2014-08-28,8.98,9.16,8.93,9.0,42576560
2014-08-29,9.02,9.1,8.98,9.09,20660892
2014-09-01,9.1,9.18,9.06,9.15,36418420
2014-09-02,9.28,9.45,9.26,9.36,84648640
2014-09-03,9.37,9.95,9.36,9.92,173664832
2014-09-04,9.88,9.96,9.74,9.88,93869912
2014-09-05,9.99,10.11,9.8,9.94,85895808
2014-09-09,10.0,10.27,9.86,10.07,95882784
2014-09-10,10.06,10.25,9.97,10.07,72507904
2014-09-11,10.14,10.42,10.1,10.32,117642824
2014-09-12,10.26,10.35,10.13,10.28,55771016
2014-09-15,10.48,10.55,10.17,10.21,89950760
2014-09-16,10.19,10.2,9.73,9.75,102437496
2014-09-17,9.76,9.87,9.64,9.82,54643776
2014-09-18,9.83,9.85,9.72,9.84,39856560
2014-09-19,9.83,9.85,9.68,9.81,54598144
2014-09-22,9.78,9.95,9.69,9.77,55237664
2014-09-23,9.73,9.95,9.73,9.9,46025740
2014-09-24,9.88,10.08,9.82,10.03,57875312
2014-09-25,10.04,10.24,9.97,9.99,66252664
2014-09-26,9.98,10.2,9.95,10.05,46225288
2014-09-29,10.09,10.18,9.97,10.03,51752836
2014-09-30,10.04,10.07,9.93,9.97,43192624
2014-10-08,9.99,10.08,9.99,10.05,45661564
2014-10-09,10.07,10.16,9.98,10.07,53937028
2014-10-10,10.06,10.07,9.83,9.87,61834592
2014-10-13,9.83,9.83,9.61,9.72,51340264
2014-10-14,9.69,9.76,9.56,9.64,51816740
2014-10-15,9.63,9.7,9.57,9.7,37527484
2014-10-16,9.65,9.71,9.53,9.56,40431252
2014-10-17,9.54,9.67,9.51,9.64,37259080
2014-10-20,9.67,9.75,9.61,9.71,36292708
2014-10-21,9.74,9.76,9.59,9.6,30729796
2014-10-22,9.6,9.65,9.55,9.56,23798874
2014-10-23,9.56,9.58,9.22,9.24,50437128
2014-10-24,9.25,9.31,9.19,9.28,28163632
2014-10-27,9.31,9.37,9.21,9.34,23894202
2014-10-28,9.39,9.56,9.37,9.55,36582800
2014-10-29,9.61,9.65,9.53,9.63,48559960
2014-10-30,9.64,9.74,9.58,9.68,56256320
2014-10-31,9.71,9.76,9.62,9.71,48745696
2014-11-03,9.73,9.83,9.65,9.7,48926248
2014-11-04,9.81,10.25,9.81,10.16,188356288
2014-11-05,10.29,10.37,9.98,10.0,116610776
2014-11-06,10.0,10.16,9.97,10.09,76247976
2014-11-07,10.2,10.38,9.96,10.0,118786752
2014-11-10,10.05,10.37,10.05,10.31,122717560
2014-11-11,10.55,10.72,10.22,10.35,180677552
2014-11-12,10.34,10.47,10.12,10.32,86420832
2014-11-13,10.38,10.47,10.06,10.09,94005016
2014-11-14,10.01,10.02,9.86,9.96,57614848
2014-11-17,10.04,10.1,9.93,9.99,52349900
2014-11-18,9.99,10.07,9.9,9.93,45346408
2014-11-19,9.93,10.03,9.83,10.0,43510104
2014-11-20,10.08,10.33,10.08,10.2,94632816
2014-11-21,10.18,10.22,10.05,10.18,62472960
2014-11-24,10.3,10.52,10.18,10.37,122932024
2014-11-25,10.45,10.52,10.32,10.42,94439312
2014-11-26,10.41,10.52,10.21,10.31,102801240
2014-11-27,10.35,10.43,10.18,10.28,89101032
2014-11-28,10.28,10.35,10.14,10.35,97342832
2014-12-01,10.32,10.51,10.2,10.3,103221632
2014-12-02,10.3,10.44,10.25,10.38,104357848
2014-12-03,10.46,10.95,10.4,10.83,213552640
2014-12-04,10.83,11.19,10.75,11.05,169341248
2014-12-05,11.07,11.2,10.3,10.65,171087360
2014-12-08,10.65,11.36,10.53,11.33,205663680
2014-12-09,11.35,12.18,10.89,11.1,312585760
2014-12-10,11.3,11.95,11.14,11.88,189339152
2014-12-11,11.97,12.32,11.63,11.79,171259280
2014-12-12,11.85,12.01,11.58,11.74,101872568
2014-12-15,11.62,12.2,11.43,12.1,148537360
2014-12-16,12.17,12.48,11.89,12.09,132545288
2014-12-17,12.2,12.35,11.75,11.93,147480112
2014-12-18,11.85,12.27,11.76,12.04,123885752
2014-12-19,11.91,12.35,11.6,12.34,172229360
2014-12-22,12.68,13.5,12.35,12.73,236808000
2014-12-23,12.8,12.93,12.2,12.3,118750224
2014-12-24,12.35,12.43,11.8,11.97,129226280
2014-12-25,12.05,12.66,11.84,12.65,130851264
2014-12-26,12.6,12.95,12.49,12.72,140433280
2014-12-29,12.77,12.98,12.4,12.67,132441072
2014-12-30,12.58,12.6,12.1,12.17,106669800
2014-12-31,12.15,12.57,12.15,12.38,86564368
2015-01-05,12.43,12.95,12.43,12.8,138736512
2015-01-06,12.81,13.8,12.8,13.44,235977200
2015-01-07,13.2,13.59,13.09,13.43,135739328
2015-01-08,13.62,13.8,13.18,13.24,128786864
2015-01-09,13.14,13.4,12.86,12.89,117044920
2015-01-12,12.9,13.12,12.62,12.74,80769696
2015-01-13,12.86,13.09,12.75,12.9,57282784
2015-01-14,12.91,13.15,12.49,12.58,78964624
2015-01-15,12.65,12.87,12.37,12.86,75310984
2015-01-16,12.98,13.4,12.81,13.2,114992088
2015-01-19,12.75,13.54,12.28,12.65,183733808
2015-01-20,12.65,12.93,12.52,12.87,122081408
2015-01-21,12.95,13.41,12.87,13.29,137930368
2015-01-22,13.35,13.42,13.07,13.24,95040840
2015-01-23,13.41,13.45,12.96,13.05,104254128
2015-01-26,13.05,13.32,12.95,13.3,108149144
2015-01-27,13.3,13.35,12.8,13.06,104848904
2015-01-28,12.95,13.1,12.8,12.9,75818408
2015-01-29,12.85,13.04,12.76,12.8,65709224
2015-01-30,12.85,12.92,12.26,12.28,110465184
2015-02-02,12.13,12.14,11.85,11.89,84515880
2015-02-03,11.96,12.17,11.91,12.1,61862280
2015-02-04,12.16,12.18,11.79,11.82,78350504
2015-02-05,11.99,12.03,11.4,11.41,115584008
2015-02-06,11.35,11.54,11.28,11.38,63816064
2015-02-09,11.42,11.52,11.37,11.45,39505280
2015-02-10,11.45,11.5,11.26,11.49,55781956
2015-02-11,11.52,11.73,11.5,11.64,45116544
2015-02-12,11.63,11.77,11.52,11.69,37162572
2015-02-13,11.74,12.09,11.74,11.89,75962408
2015-02-16,11.9,12.14,11.9,12.09,53124736
2015-02-17,12.16,12.21,11.96,12.0,43665920
2015-02-25,12.05,12.11,11.85,11.88,44509632
2015-02-26,11.88,12.25,11.76,12.24,81865280
2015-02-27,12.23,12.32,12.16,12.19,60405616
2015-03-02,12.32,12.6,12.23,12.56,94232952
2015-03-03,12.5,12.57,12.21,12.24,77437824
2015-03-04,12.33,12.37,12.15,12.28,49082792
2015-03-05,12.28,12.28,11.98,12.07,57654208
2015-03-06,12.07,12.4,12.0,12.21,62798480
2015-03-09,12.18,12.28,11.97,12.24,50877720
2015-03-10,12.31,12.6,12.26,12.43,86631424
2015-03-11,12.45,12.58,12.28,12.35,52827264
2015-03-12,12.38,12.68,12.38,12.53,82264592
2015-03-13,12.65,12.76,12.37,12.47,67307128
2015-03-16,12.5,12.66,12.45,12.64,98451848
2015-03-17,12.68,12.86,12.63,12.79,108921976
2015-03-18,12.91,13.18,12.8,13.17,145770560
2015-03-19,13.15,13.31,13.02,13.28,139221712
2015-03-20,13.35,13.48,13.02,13.17,119227576
2015-03-23,13.19,13.44,13.13,13.43,160342096
2015-03-24,13.5,13.55,12.92,13.18,147221184
2015-03-25,13.22,13.45,13.13,13.37,142231376
2015-03-26,13.38,13.77,13.22,13.46,155909312
2015-03-27,13.51,14.05,13.25,13.99,208638160
2015-03-30,14.49,15.19,14.48,14.82,273036576
2015-03-31,14.94,14.94,14.34,14.41,190393776
2015-04-01,14.43,15.85,14.43,15.85,207279248
2015-04-02,16.2,16.6,15.8,16.25,357161344
2015-04-03,15.98,16.09,15.72,16.06,186937104
2015-04-07,16.22,16.66,16.02,16.2,210610672
2015-04-08,16.22,16.4,15.54,16.01,190328768
2015-04-09,15.96,16.0,15.3,15.95,171258336
2015-04-10,15.98,17.16,15.9,16.83,272938080
2015-04-14,17.8,17.98,16.8,16.86,279390496
2015-04-15,16.85,16.85,15.78,16.03,183897792
2015-04-16,15.85,16.8,15.7,16.53,170743904
2015-04-17,16.88,17.53,16.58,17.29,281859712
2015-04-20,17.3,19.02,17.07,18.54,416766688
2015-04-21,18.4,18.75,17.55,18.27,235197696
2015-04-22,18.68,18.86,18.29,18.41,239233360
2015-04-23,18.45,19.58,18.45,18.7,264943680
2015-04-24,18.19,18.4,17.7,18.1,208721136
2015-04-27,18.3,18.47,17.8,18.18,192544032
2015-04-28,18.1,18.16,17.0,17.16,192681328
2015-04-29,17.29,17.78,17.02,17.39,117721056
2015-04-30,17.42,18.17,17.42,17.59,131190512
2015-05-04,17.59,18.08,17.21,17.97,139471632
2015-05-05,17.94,17.94,16.8,16.84,140320496
2015-05-06,16.95,17.15,15.88,16.25,141662576
2015-05-07,16.16,16.49,16.0,16.1,87896712
2015-05-08,16.31,16.5,16.01,16.41,99359320
2015-05-11,16.6,16.95,16.39,16.95,129414984
2015-05-12,17.02,17.47,17.02,17.25,150489120
2015-05-13,17.32,17.65,16.9,17.01,143663456
2015-05-14,17.04,17.54,17.04,17.3,140139712
2015-05-15,17.25,17.25,16.45,16.52,123784400
2015-05-18,16.52,17.05,16.43,16.66,103715416
2015-05-19,16.66,17.98,16.6,17.87,220289280
2015-05-20,18.0,18.36,17.64,17.71,227364464
2015-05-21,17.8,18.25,17.77,18.09,157284336
2015-05-22,18.3,18.5,17.91,18.49,228055216
2015-05-25,18.49,18.96,18.36,18.86,233946032
2015-05-26,18.9,19.88,18.9,19.34,251564896
2015-05-27,19.18,19.19,18.3,18.49,270821536
2015-05-28,18.47,18.68,16.85,16.93,225292416
2015-05-29,16.9,17.36,16.0,16.96,160166800
2015-06-01,17.0,17.83,17.0,17.72,146256256
2015-06-02,17.82,18.1,17.5,18.07,169625568
2015-06-03,18.08,18.16,17.41,17.75,149331264
2015-06-04,17.94,18.58,17.0,18.56,228484176
2015-06-05,18.92,20.42,18.92,20.17,452089248
2015-06-08,20.4,20.4,19.24,19.86,296898720
2015-06-09,19.89,20.36,19.44,20.01,227051424
2015-06-10,19.66,19.98,19.5,19.57,180010544
2015-06-11,19.52,19.75,19.0,19.27,156995792
2015-06-12,19.37,19.63,19.02,19.31,167696208
2015-06-15,19.47,19.87,19.22,19.52,200993248
2015-06-16,19.17,19.29,17.84,18.0,195062496
2015-06-17,18.0,18.36,17.28,18.26,151888464
2015-06-18,18.23,18.23,17.15,17.29,124475024
2015-06-19,17.0,17.18,15.81,15.86,126987928
2015-06-23,15.85,16.47,14.9,16.36,123569936
2015-06-24,16.66,16.98,16.32,16.65,143435968
2015-06-25,16.75,16.83,15.4,15.7,126158232
2015-06-26,15.3,15.44,14.13,14.13,159134976
2015-06-29,14.6,14.74,12.73,13.46,185021536
2015-06-30,13.44,14.81,13.1,14.81,185479600
2015-07-01,15.0,15.64,14.4,14.55,210743008
2015-07-02,14.91,15.2,13.5,14.41,161735232
2015-07-03,14.44,15.1,13.21,14.41,174983888
2015-07-06,15.85,15.85,14.5,15.2,237009264
2015-07-07,14.89,15.17,13.68,13.68,248117360
2015-07-08,12.31,13.14,12.31,12.31,223397344
2015-07-14,13.54,13.54,13.54,13.54,7529240
2015-07-15,14.89,14.89,13.54,14.08,297742368
2015-07-16,13.89,14.6,13.05,14.44,152743808
2015-07-17,14.51,15.55,14.44,15.3,181102528
2015-07-20,15.5,15.75,15.0,15.28,175815872
2015-07-21,15.03,15.48,14.84,15.3,118017208
2015-07-22,15.46,15.68,15.01,15.49,131748936
2015-07-23,15.35,15.52,15.05,15.46,140271344
2015-07-24,15.46,15.49,14.78,14.88,142777072
2015-07-27,14.54,14.87,13.39,13.39,136415872
2015-07-28,12.91,13.46,12.2,12.97,127051232
2015-07-29,13.16,13.75,12.9,13.67,93358464
2015-07-30,13.7,13.76,13.11,13.21,84933336
2015-07-31,13.06,13.28,12.83,13.21,62526572
2015-08-03,13.0,13.56,12.94,13.35,70376504
2015-08-04,13.46,14.04,13.37,14.03,96594608
2015-08-05,13.89,13.97,13.5,13.56,86150984
2015-08-06,13.25,13.66,13.2,13.46,46751384
2015-08-07,13.58,13.99,13.55,13.8,88363952
2015-08-10,13.97,14.68,13.86,14.54,137761376
2015-08-11,14.5,14.88,14.31,14.38,104543192
2015-08-12,14.3,14.45,14.05,14.06,71849840
2015-08-13,14.0,14.31,13.77,14.29,74771632
2015-08-14,14.47,14.84,14.36,14.51,110536816
2015-08-17,14.53,14.84,14.52,14.82,92233992
2015-08-18,14.8,14.8,13.34,13.34,120160760
2015-08-19,13.01,13.75,12.58,13.65,84977888
2015-08-20,13.6,13.66,13.01,13.09,51803488
2015-08-21,13.0,13.23,12.5,12.65,68965384
2015-08-24,12.11,12.32,11.39,11.39,92352016
2015-08-25,10.3,10.6,10.25,10.25,124583064
2015-08-26,10.43,10.64,9.52,9.72,99963912
2015-08-27,9.86,10.29,9.8,10.28,77932880
2015-08-28,10.52,10.98,10.34,10.82,100062640
2015-08-31,10.82,11.55,10.37,11.5,112870456
2015-09-01,11.17,11.35,10.64,11.28,103649144
2015-09-02,10.75,11.34,10.65,11.15,93242896
2015-09-07,11.3,11.64,10.7,10.81,73657128
2015-09-08,10.71,11.19,10.59,11.15,41296736
2015-09-09,11.28,11.5,11.15,11.38,61492328
2015-09-10,11.25,11.35,11.07,11.18,40887136
2015-09-11,11.13,11.27,10.98,11.1,32191016
2015-09-14,11.26,11.36,10.58,11.35,95378744
2015-09-15,11.1,11.14,10.42,10.89,55463020
2015-09-16,10.78,11.88,10.75,11.62,62204688
2015-09-17,11.49,11.68,11.14,11.16,67913112
2015-09-18,11.21,11.35,11.08,11.15,27969080
2015-09-21,11.0,11.44,10.93,11.39,35288152
2015-09-22,11.43,11.56,11.34,11.43,43826264
2015-09-23,11.28,11.37,11.03,11.09,35222916
2015-09-24,11.18,11.31,11.06,11.14,22565328
2015-09-25,11.11,11.25,10.78,10.85,32437210
2015-09-28,10.85,10.93,10.68,10.88,14895783
2015-09-29,10.7,10.71,10.51,10.52,17769764
2015-09-30,10.63,10.66,10.51,10.54,13690257
2015-10-08,10.95,11.11,10.85,10.98,32301648
2015-10-09,10.98,11.32,10.95,11.19,33010604
2015-10-12,11.19,11.75,11.18,11.66,77514336
2015-10-13,11.6,11.88,11.51,11.8,58225032
2015-10-14,11.68,11.78,11.47,11.49,46430400
2015-10-15,11.49,11.79,11.44,11.78,52914344
2015-10-16,11.88,12.09,11.76,11.96,74663264
2015-10-19,11.98,12.05,11.55,11.73,60587148
2015-10-20,11.71,11.94,11.64,11.93,46879832
2015-10-21,11.93,11.98,11.19,11.68,93296344
2015-10-22,11.59,12.17,11.48,12.12,86572416
2015-10-23,12.1,12.18,11.85,12.13,78354328
2015-10-26,12.28,12.34,12.01,12.19,64944532
2015-10-27,12.18,12.18,11.67,12.01,49442404
2015-10-28,12.18,12.39,11.92,11.99,68729968
2015-10-29,12.03,12.17,11.84,11.98,38611364
2015-10-30,11.89,12.03,11.73,11.85,35058820
2015-11-02,11.7,11.95,11.65,11.71,30176614
2015-11-03,11.73,11.85,11.62,11.66,23803624
2015-11-04,11.75,12.15,11.71,12.13,65038080
2015-11-05,12.13,12.94,12.05,12.58,145687664
2015-11-06,12.5,12.78,12.45,12.75,94653496
2015-11-09,12.69,13.08,12.61,12.94,94288464
2015-11-10,12.9,12.93,12.6,12.78,59898988
2015-11-11,12.73,12.78,12.55,12.72,52770384
2015-11-12,12.98,13.1,12.69,12.84,75678336
2015-11-13,12.63,12.77,12.49,12.51,52635284
2015-11-16,12.28,12.81,12.21,12.8,54043828
2015-11-17,12.88,12.92,12.57,12.61,63358864
2015-11-18,12.65,12.88,12.42,12.45,36214648
2015-11-19,12.51,12.6,12.36,12.59,29736472
2015-11-20,12.59,12.67,12.49,12.54,38248936
2015-11-23,12.6,12.68,12.41,12.45,39778264
2015-11-24,12.42,12.44,12.23,12.42,28073334
2015-11-25,12.4,12.51,12.31,12.51,34596600
2015-11-26,12.58,12.67,12.42,12.53,45762152
2015-11-27,12.48,12.49,11.58,11.6,53348864
2015-11-30,11.63,11.86,11.16,11.68,35220728
2015-12-01,11.7,11.83,11.54,11.73,32725562
2015-12-02,11.75,12.09,11.58,12.06,40628788
2015-12-03,12.0,12.11,11.92,12.07,31532552
2015-12-04,11.97,12.02,11.75,11.79,30263510
2015-12-07,11.8,11.96,11.75,11.87,21813776
2015-12-08,11.79,11.79,11.42,11.43,26855256
2015-12-09,11.43,11.52,11.32,11.35,24832004
2015-12-10,11.41,11.54,11.36,11.4,20533156
2015-12-11,11.41,11.48,11.22,11.24,22104348
2015-12-14,11.16,11.49,11.13,11.49,37814076
2015-12-15,11.51,11.62,11.47,11.55,26659192
2015-12-16,11.69,11.79,11.57,11.6,30007936
2015-12-17,11.7,11.89,11.69,11.8,55732880
2015-12-18,11.8,11.97,11.66,11.89,49218568
2015-12-21,11.91,12.22,11.89,12.08,68822616
2015-12-22,12.24,12.34,11.99,12.08,58298219
2015-12-23,12.19,12.31,11.99,12.01,62491992
2015-12-24,12.08,12.22,11.97,12.13,43620812
2015-12-25,12.16,12.17,11.97,12.04,29878918
2015-12-28,12.09,12.13,11.66,11.7,49987384
2015-12-29,11.7,11.77,11.56,11.74,34495724
2015-12-30,11.75,11.75,11.61,11.73,23869709
2015-12-31,11.77,12.04,11.75,11.77,41028869
2016-01-04,11.79,11.86,10.81,10.86,32139880
2016-01-05,10.56,11.29,10.51,11.1,55915087
2016-01-06,11.06,11.27,11.01,11.21,33251499
2016-01-07,11.08,11.08,10.26,10.38,8382148
2016-01-08,10.68,10.82,10.2,10.61,37632009
2016-01-11,10.39,10.58,9.88,9.89,41905714
2016-01-12,10.02,10.13,9.86,10.03,29062730
2016-01-13,10.13,10.15,9.59,9.63,31873273
2016-01-14,9.43,9.86,9.33,9.79,30764734
2016-01-15,9.78,9.79,9.35,9.4,28639667
2016-01-18,9.3,9.61,9.23,9.47,19143355
2016-01-19,9.45,9.85,9.44,9.84,33715633
2016-01-20,9.8,10.05,9.72,9.86,37731103
2016-01-21,9.72,9.88,9.4,9.45,25915262
2016-01-22,9.58,9.65,9.38,9.55,18241265
2016-01-25,9.66,9.76,9.52,9.64,15778949
2016-01-26,9.54,9.54,8.77,8.78,30887448
2016-01-27,8.87,8.94,8.35,8.68,32334223
2016-01-28,8.56,8.68,8.24,8.27,22102272
2016-01-29,8.29,8.64,8.26,8.54,27117468
2016-02-01,8.49,8.56,8.25,8.34,23841496
2016-02-02,8.34,8.68,8.34,8.67,25984143
2016-02-03,8.53,8.63,8.44,8.59,20517811
2016-02-04,8.62,8.75,8.6,8.7,26368379
2016-02-05,8.8,8.86,8.65,8.66,23939422
2016-02-15,8.44,8.67,8.4,8.6,17781313
2016-02-16,8.63,8.95,8.63,8.93,29026286
2016-02-17,8.9,9.02,8.87,8.99,29553961
2016-02-18,9.07,9.12,8.93,8.94,26698844
2016-02-19,8.9,8.97,8.81,8.89,25637713
2016-02-22,9.02,9.12,8.95,9.1,29263224
2016-02-23,9.14,9.19,8.95,9.01,31306010
2016-02-24,9.0,9.16,8.9,9.15,33267934
2016-02-25,9.16,9.16,8.32,8.36,45968065
2016-02-26,8.48,8.51,8.32,8.4,26818550
2016-02-29,8.43,8.45,7.92,8.12,35254569
2016-03-01,8.17,8.33,8.06,8.27,25313187
2016-03-02,8.29,8.71,8.26,8.66,43534122
2016-03-03,8.65,8.75,8.57,8.72,40951954
2016-03-04,8.65,8.93,8.54,8.83,57712508
2016-03-07,8.87,8.97,8.79,8.87,27734288
2016-03-08,8.87,8.95,8.52,8.93,29844850
2016-03-09,8.75,8.83,8.61,8.82,23633567
2016-03-10,8.79,8.83,8.56,8.58,18874626
2016-03-11,8.56,8.61,8.43,8.57,13336769
2016-03-14,8.63,8.87,8.61,8.86,29768037
2016-03-15,8.86,8.88,8.65,8.86,29088014
2016-03-16,8.82,8.9,8.8,8.86,38750209
2016-03-17,8.87,9.01,8.82,8.97,29974931
2016-03-18,9.04,9.19,9.0,9.12,49237343
2016-03-21,9.2,9.3,9.16,9.24,51023180
2016-03-22,9.2,9.29,9.16,9.19,29734031
2016-03-23,9.19,9.28,9.11,9.26,28341616
2016-03-24,9.19,9.19,9.0,9.0,33862024
2016-03-25,8.9,9.01,8.9,8.97,24027412
2016-03-28,9.05,9.11,8.91,8.93,23488779
2016-03-29,8.92,9.01,8.8,8.83,25406541
2016-03-30,8.89,9.1,8.89,9.09,27547843
2016-03-31,9.17,9.19,9.09,9.11,34146118
2016-04-01,9.11,9.13,8.9,9.09,26770889
2016-04-05,9.09,9.27,9.07,9.21,45084139
2016-04-06,9.19,9.35,9.14,9.24,36130072
2016-04-07,9.26,9.38,9.2,9.21,48515476
2016-04-08,9.15,9.16,8.93,9.03,31603444
2016-04-11,9.09,9.23,9.07,9.17,28860393
2016-04-12,9.17,9.19,9.01,9.08,23369520
2016-04-13,9.13,9.32,9.11,9.24,49836475
2016-04-14,9.29,9.31,9.2,9.28,30208253
2016-04-15,9.29,9.33,9.23,9.28,24879976
2016-04-18,9.24,9.24,9.09,9.14,24024997
2016-04-19,9.16,9.2,9.08,9.12,18435249
2016-04-20,9.14,9.16,8.61,8.89,42823597
2016-04-21,8.81,8.87,8.77,8.79,19007972
2016-04-22,8.79,8.82,8.73,8.8,11386597
2016-04-25,8.77,8.8,8.65,8.73,13418165
2016-04-26,8.72,8.79,8.7,8.78,14717548
2016-04-27,8.78,8.84,8.73,8.76,15448717
2016-04-28,8.78,8.82,8.65,8.8,17413128
2016-04-29,8.73,8.77,8.7,8.72,14588613
2016-05-03,8.76,8.95,8.69,8.94,23832415
2016-05-04,8.88,8.99,8.87,8.91,20023855
2016-05-05,8.92,9.01,8.9,8.96,16173589
2016-05-06,8.96,9.02,8.66,8.67,26162503
2016-05-09,8.64,8.64,8.4,8.44,21960574
2016-05-10,8.48,8.49,8.4,8.45,9667951
2016-05-11,8.52,8.54,8.39,8.45,12449769
2016-05-12,8.38,8.48,8.3,8.46,11250317
2016-05-13,8.48,8.52,8.37,8.41,10643788
2016-05-16,8.38,8.47,8.33,8.47,9276609
2016-05-17,8.47,8.49,8.38,8.41,10428123
2016-05-18,8.38,8.38,8.15,8.31,19900754
2016-05-19,8.27,8.36,8.22,8.26,10716171
2016-05-20,8.24,8.31,8.15,8.29,9693919
2016-05-23,8.3,8.37,8.29,8.34,9961578
2016-05-24,8.33,8.34,8.21,8.29,9820278
2016-05-25,8.3,8.34,8.24,8.25,8193818
2016-05-26,8.29,8.31,8.18,8.28,11921141
2016-05-27,8.25,8.29,8.21,8.27,9751677
2016-05-30,8.25,8.29,8.16,8.21,8448567
2016-05-31,8.22,8.49,8.21,8.49,27605387
2016-06-01,8.48,8.5,8.43,8.43,20608365
2016-06-02,8.44,8.48,8.42,8.47,15086219
2016-06-03,8.48,8.57,8.45,8.55,21145497
2016-06-06,8.55,8.57,8.45,8.48,16890844
2016-06-07,8.49,8.52,8.43,8.48,13836633
2016-06-08,8.47,8.47,8.39,8.44,12727041
2016-06-13,8.37,8.37,8.15,8.16,19060105
2016-06-14,8.16,8.2,8.12,8.17,12428383
2016-06-15,8.11,8.35,8.07,8.31,16071955
2016-06-16,8.32,8.49,8.24,8.36,21055689
2016-06-17,8.36,8.46,8.31,8.37,15359629
2016-06-20,8.38,8.39,8.28,8.33,9871678
2016-06-21,8.39,8.47,8.31,8.32,13857143
2016-06-22,8.3,8.39,8.27,8.37,11565123
2016-06-23,8.38,8.38,8.3,8.33,10021268
2016-06-24,8.35,8.39,8.11,8.25,16919213
2016-06-27,8.21,8.44,8.19,8.38,19034694
2016-06-28,8.38,8.47,8.38,8.46,25769481
2016-06-29,8.49,8.57,8.46,8.54,25208275
2016-06-30,8.53,8.55,8.49,8.52,12730658
2016-07-01,8.53,8.55,8.48,8.5,14372940
2016-07-04,8.49,8.73,8.46,8.69,27772271
2016-07-05,8.69,8.85,8.66,8.83,30792783
2016-07-06,8.65,8.65,8.5,8.59,21127349
2016-07-07,8.58,8.62,8.5,8.54,20067213
2016-07-08,8.58,8.58,8.49,8.52,15735020
2016-07-11,8.54,8.68,8.51,8.59,30478623
2016-07-12,8.57,8.77,8.54,8.76,40698407
2016-07-13,8.84,8.86,8.73,8.8,32718605
2016-07-14,8.79,8.84,8.74,8.78,18802351
2016-07-15,8.81,8.85,8.75,8.8,19831923
2016-07-18,8.79,8.83,8.74,8.77,15916308
2016-07-19,8.78,8.98,8.73,8.88,29623621
2016-07-20,8.85,8.89,8.76,8.79,16190362
2016-07-21,8.81,8.88,8.76,8.8,16684999
2016-07-22,8.8,8.82,8.64,8.66,19025757
2016-07-25,8.65,8.74,8.63,8.68,11157826
2016-07-26,8.66,8.97,8.65,8.94,33209817
2016-07-27,8.94,9.07,8.71,8.93,59280236
2016-07-28,8.9,9.38,8.84,9.17,81093977
2016-07-29,9.11,9.22,8.99,9.03,44857351
2016-08-01,8.96,9.0,8.67,8.78,33863530
2016-08-02,8.81,8.88,8.7,8.87,24854704
2016-08-03,8.86,8.9,8.77,8.87,21808903
2016-08-04,8.82,8.85,8.76,8.82,15191073
2016-08-05,8.81,8.93,8.77,8.85,21609579
2016-08-08,8.85,9.02,8.81,9.01,25313055
2016-08-09,9.0,9.04,8.94,9.0,23412977
2016-08-10,8.98,9.07,8.91,8.93,23321963
2016-08-11,8.91,8.99,8.75,8.77,25479670
2016-08-12,8.76,8.96,8.72,8.92,28790589
2016-08-15,8.94,9.14,8.91,9.08,51110433
2016-08-16,9.09,9.17,9.03,9.09,40628422
2016-08-17,9.09,9.09,9.01,9.08,24280459
2016-08-18,9.13,9.18,9.05,9.09,33998928
2016-08-19,9.09,9.11,8.96,9.07,26928574
2016-08-22,9.07,9.14,9.0,9.02,26553640
2016-08-23,9.03,9.09,8.99,9.05,17908350
2016-08-24,9.04,9.07,8.97,9.01,16454670
2016-08-25,8.98,8.98,8.81,8.87,24428096
2016-08-26,8.89,8.97,8.87,8.91,16424539
2016-08-29,8.92,9.04,8.9,9.04,18424869
2016-08-30,9.06,9.07,8.97,8.99,15953489
2016-08-31,8.97,9.01,8.93,9.0,15304482
2016-09-01,8.98,9.01,8.9,8.9,15652016
2016-09-02,8.89,9.06,8.88,9.05,26407136
2016-09-05,9.07,9.09,8.98,8.99,21182935
2016-09-06,8.98,9.08,8.93,9.08,25591606
2016-09-07,9.08,9.17,9.03,9.11,36063099
2016-09-08,9.09,9.19,9.06,9.14,29926662
2016-09-09,9.14,9.17,9.01,9.02,27820119
2016-09-12,8.84,8.98,8.77,8.96,41369988
2016-09-13,8.92,8.95,8.86,8.9,14681829
2016-09-14,8.86,8.89,8.76,8.82,17266497
2016-09-19,8.83,8.91,8.82,8.9,14071995
2016-09-20,8.9,8.9,8.79,8.82,14666964
2016-09-21,8.82,8.85,8.8,8.83,10889220
2016-09-22,8.87,8.91,8.82,8.84,17237507
2016-09-23,8.84,8.85,8.77,8.79,15054835
2016-09-26,8.78,8.79,8.66,8.67,17947190
2016-09-27,8.63,8.66,8.56,8.65,18459746
2016-09-28,8.67,8.67,8.55,8.58,10043979
2016-09-29,8.63,8.63,8.58,8.59,11193229
2016-09-30,8.6,8.64,8.58,8.62,10093708
2016-10-10,8.67,8.78,8.67,8.77,16239462
2016-10-11,8.78,8.79,8.73,8.78,12252555
2016-10-12,8.75,8.82,8.74,8.77,11116958
2016-10-13,8.79,8.8,8.75,8.79,11185349
2016-10-14,8.78,8.81,8.7,8.8,13876349
2016-10-17,8.97,9.05,8.82,8.87,37752289
2016-10-18,8.82,9.0,8.82,8.99,27583127
2016-10-19,8.98,9.01,8.9,8.92,18869354
2016-10-20,8.92,8.96,8.89,8.91,9797756
2016-10-21,8.91,9.03,8.87,8.98,25191048
2016-10-24,8.99,9.1,8.98,9.05,41621977
2016-10-25,9.06,9.07,8.97,9.01,26926680
2016-10-26,9.01,9.03,8.92,8.94,18061052
2016-10-27,8.94,8.97,8.92,8.93,12921315
2016-10-28,8.93,8.99,8.88,8.89,18873704
2016-10-31,8.85,8.88,8.81,8.86,14278434
2016-11-01,8.88,8.92,8.84,8.91,13870271
2016-11-02,8.9,8.91,8.82,8.83,17263104
2016-11-03,8.8,8.96,8.78,8.9,23871170
2016-11-04,8.9,8.95,8.85,8.86,16167783
2016-11-07,8.89,8.95,8.87,8.89,17025390
2016-11-08,8.94,9.07,8.92,9.02,39849822
2016-11-09,9.01,9.02,8.84,8.88,32815737
2016-11-10,8.95,9.23,8.95,9.16,70948394
2016-11-11,9.15,9.23,9.1,9.16,48631048
2016-11-14,9.17,9.38,9.16,9.29,71755447
2016-11-15,9.28,9.31,9.19,9.22,32373399
2016-11-16,9.23,9.32,9.19,9.24,28422223
2016-11-17,9.21,9.26,9.15,9.25,29988557
2016-11-18,9.26,9.4,9.23,9.26,50421284
2016-11-21,9.28,9.47,9.25,9.38,54697763
2016-11-22,9.4,9.49,9.31,9.44,53141551
2016-11-23,9.45,9.47,9.24,9.29,49268512
2016-11-24,9.29,9.34,9.18,9.27,31712180
2016-11-25,9.23,9.42,9.18,9.41,43147585
2016-11-28,9.5,9.78,9.43,9.67,102370928
2016-11-29,9.65,10.08,9.61,9.82,136918803
2016-11-30,9.79,9.92,9.58,9.66,68043688
2016-12-01,9.71,9.88,9.65,9.84,58578613
2016-12-02,9.87,9.93,9.58,9.6,61044482
2016-12-05,9.47,9.62,9.41,9.56,45085559
2016-12-06,9.56,9.6,9.44,9.46,26223862
2016-12-07,9.42,9.53,9.42,9.52,24682484
2016-12-08,9.55,9.58,9.4,9.42,22479574
2016-12-09,9.39,9.48,9.33,9.4,35410038
2016-12-12,9.41,9.42,9.1,9.17,56071567
2016-12-13,9.16,9.23,9.09,9.18,19906984
2016-12-14,9.18,9.27,9.08,9.17,24695094
2016-12-15,9.15,9.22,9.1,9.16,20845426
2016-12-16,9.19,9.21,9.12,9.2,14853251
2016-12-19,9.15,9.17,9.09,9.12,18569666
2016-12-20,9.14,9.14,9.05,9.13,19494612
2016-12-21,9.14,9.28,9.12,9.24,32180103
2016-12-22,9.24,9.25,9.18,9.23,15344771
2016-12-23,9.26,9.26,9.08,9.13,21478026
2016-12-26,9.09,9.15,9.0,9.14,18388931
2016-12-27,9.11,9.15,9.08,9.09,16200351
2016-12-28,9.05,9.16,9.05,9.1,15994018
2016-12-29,9.07,9.15,9.05,9.06,13947988
2016-12-30,9.07,9.14,9.05,9.13,16358050
2017-01-03,9.13,9.22,9.12,9.21,19011332
2017-01-04,9.21,9.29,9.18,9.28,25634822
2017-01-05,9.28,9.3,9.22,9.25,17834935
2017-01-06,9.23,9.27,9.19,9.21,14444692
2017-01-09,9.2,9.36,9.18,9.35,25241571
2017-01-10,9.33,9.37,9.28,9.33,16574352
2017-01-11,9.34,9.37,9.21,9.24,18904456
2017-01-12,9.22,9.26,9.09,9.1,20169853
2017-01-13,9.08,9.19,9.02,9.15,21810468
2017-01-16,9.1,9.34,8.97,9.28,59712541
2017-01-17,9.27,9.31,9.21,9.29,17421775
2017-01-18,9.27,9.45,9.27,9.39,29792233
2017-01-19,9.4,9.45,9.34,9.39,14043397
2017-01-20,9.39,9.5,9.35,9.47,19113438
2017-01-23,9.44,9.51,9.38,9.44,20483988
2017-01-24,9.44,9.45,9.33,9.33,14611041
2017-01-25,9.34,9.48,9.34,9.48,15286660
2017-01-26,9.48,9.52,9.38,9.43,17402689
2017-02-03,9.44,9.45,9.39,9.44,9508679
2017-02-06,9.43,9.61,9.41,9.57,37976192
2017-02-07,9.58,9.6,9.51,9.6,17189167
2017-02-08,9.54,9.61,9.48,9.57,19064410
2017-02-09,9.58,9.68,9.54,9.57,38804371
2017-02-10,9.58,9.98,9.58,9.88,99119918
2017-02-13,10.0,10.32,9.87,9.91,113453152
2017-02-14,9.91,10.38,9.85,10.35,112903700
2017-02-15,10.2,10.48,10.1,10.16,95910565
2017-02-16,10.15,10.35,10.13,10.19,47568233
2017-02-17,10.23,10.38,10.06,10.08,52881109
2017-02-20,10.14,10.6,10.08,10.57,98703641
2017-02-21,10.6,10.75,10.46,10.56,69011677
2017-02-22,10.55,10.67,10.45,10.53,41551357
2017-02-23,10.54,10.85,10.54,10.67,56790752
2017-02-24,10.67,10.74,10.5,10.61,32460568
2017-02-27,10.58,10.58,10.23,10.25,53581690
2017-02-28,10.27,10.35,10.22,10.33,27672154
2017-03-01,10.35,10.64,10.25,10.47,43469481
2017-03-02,10.5,10.62,10.33,10.34,28774376
2017-03-03,10.31,10.47,10.3,10.44,26586329
2017-03-06,10.47,10.48,10.26,10.36,33389029
2017-03-07,10.31,10.65,10.31,10.63,48387599
2017-03-08,10.63,10.7,10.53,10.63,28160517
2017-03-09,10.55,10.62,10.42,10.54,29940644
2017-03-10,10.57,10.57,10.4,10.42,22157008
2017-03-13,10.46,10.62,10.36,10.53,43779671
2017-03-14,10.56,10.57,10.37,10.45,27087168
2017-03-15,10.41,10.44,10.3,10.42,23161364
2017-03-16,10.42,10.69,10.41,10.58,42370288
2017-03-17,10.6,10.75,10.54,10.57,39641607
2017-03-20,10.61,11.1,10.56,11.09,80063063
2017-03-21,11.08,11.18,10.95,11.09,48400946
2017-03-22,11.02,11.59,10.98,11.34,76846606
2017-03-23,11.34,11.6,11.24,11.5,67709491
2017-03-24,11.52,11.55,11.31,11.44,47111778
2017-03-27,11.43,11.84,11.36,11.52,64576264
2017-03-28,11.41,11.46,11.19,11.26,54070281
2017-03-29,11.33,11.8,11.27,11.45,61465503
2017-03-30,11.48,11.67,11.27,11.39,56201411
2017-03-31,11.39,11.45,11.04,11.19,43639852
2017-04-05,11.19,11.45,11.16,11.4,35425273
2017-04-06,11.4,11.66,11.37,11.57,50022017
2017-04-07,11.58,11.77,11.42,11.45,46338659
2017-04-10,11.45,11.46,11.26,11.35,35689197
2017-04-11,11.34,11.57,11.27,11.56,44519514
2017-04-12,11.56,11.66,11.31,11.44,36212080
2017-04-13,11.35,11.54,11.3,11.51,24413025
2017-04-14,11.51,11.58,11.34,11.47,25398278
2017-04-17,11.42,11.8,11.37,11.77,60463478
2017-04-18,11.74,11.95,11.61,11.79,52079558
2017-04-19,11.78,12.07,11.7,12.0,69669173
2017-04-20,11.98,12.44,11.88,12.38,82658184
2017-04-21,12.36,12.36,11.41,11.57,133871154
2017-04-24,11.35,11.44,10.61,11.13,97491877
2017-04-25,11.0,11.22,10.82,11.04,35428391
2017-04-26,11.0,11.2,10.91,10.98,33056781
2017-04-27,11.0,11.37,10.84,11.31,45923086
2017-04-28,11.32,11.37,11.18,11.33,26426715
2017-05-02,11.37,11.51,11.05,11.19,37793042
2017-05-03,11.15,11.39,11.05,11.22,37921690
2017-05-04,11.18,11.23,10.92,11.13,37522029
2017-05-05,11.03,11.15,10.76,11.12,50804955
2017-05-08,11.06,11.08,10.12,10.18,65907200
2017-05-09,10.12,10.39,10.05,10.23,34792779
2017-05-10,10.29,10.45,9.93,9.94,45285469
2017-05-11,9.93,10.26,9.83,10.25,42060888
2017-05-12,10.25,10.45,10.16,10.21,34584791
2017-05-15,10.34,10.45,9.99,10.04,39013685
2017-05-16,10.0,10.2,9.66,10.19,53953110
2017-05-17,10.21,10.32,10.09,10.27,39084539
2017-05-18,10.18,10.25,10.03,10.09,28565056
2017-05-19,10.13,10.16,10.02,10.12,19713448
2017-05-22,9.87,9.89,9.58,9.65,27048777
2017-05-23,9.65,9.73,9.35,9.48,25179411
2017-05-24,9.46,9.62,9.32,9.61,20776747
2017-05-25,9.55,9.66,9.35,9.63,45311646
2017-05-26,9.65,9.86,9.61,9.67,57740309
2017-05-31,9.74,9.82,9.6,9.66,59135619
2017-06-09,9.62,10.05,9.53,9.97,84109737
2017-06-12,9.88,9.94,9.73,9.81,39765107
2017-06-13,9.81,9.93,9.76,9.86,26102431
2017-06-14,9.83,9.93,9.79,9.82,21109820
2017-06-15,9.82,9.89,9.68,9.75,30558687
2017-06-16,9.73,9.82,9.71,9.74,14900321
2017-06-19,9.77,9.86,9.7,9.86,21234522
2017-06-20,9.89,9.93,9.8,9.83,23528172
2017-06-21,9.91,9.92,9.81,9.89,24082808
2017-06-22,9.86,10.09,9.81,9.89,57457805
2017-06-23,9.87,9.93,9.69,9.77,36818686
2017-06-26,9.8,10.18,9.77,10.17,75437801
2017-06-27,10.18,10.39,10.15,10.26,61811468
2017-06-28,10.25,10.43,10.11,10.3,46667176
2017-06-29,10.26,10.37,10.21,10.34,35734207
2017-06-30,10.27,10.43,10.25,10.33,30754857
2017-07-03,10.33,10.37,10.17,10.23,41860206
2017-07-04,10.22,10.31,10.17,10.2,30673220
2017-07-05,10.2,10.26,10.18,10.24,33696651
2017-07-06,10.24,10.31,10.04,10.1,49978179
2017-07-07,10.11,10.15,10.04,10.15,27891208
2017-07-10,10.14,10.19,10.08,10.15,28702708
2017-07-11,10.14,10.3,10.08,10.23,44490525
2017-07-12,10.23,10.24,9.9,9.98,53195028
2017-07-13,9.98,10.12,9.93,10.07,32854935
2017-07-14,10.08,10.09,9.94,9.97,26906872
2017-07-17,9.97,10.02,9.54,9.58,45907217
2017-07-18,9.55,9.7,9.55,9.68,24371909
2017-07-19,9.66,9.95,9.65,9.94,36495148
2017-07-20,10.0,10.05,9.88,9.91,33239855
2017-07-21,9.9,10.24,9.83,10.21,65671761
2017-07-24,10.25,10.4,10.15,10.31,65114293
2017-07-25,10.31,10.38,10.15,10.26,36720352
2017-07-26,10.26,10.3,10.07,10.16,33911791
2017-07-27,10.16,10.38,10.05,10.36,47542801
2017-07-28,10.36,10.42,10.16,10.19,44487168
2017-07-31,10.16,10.56,10.12,10.51,72273309
2017-08-01,10.58,10.66,10.45,10.58,70479460
2017-08-02,10.54,10.57,10.32,10.33,55297581
2017-08-03,10.36,10.72,10.36,10.66,89625412
2017-08-04,10.68,10.7,10.53,10.55,57633487
2017-08-07,10.51,10.6,10.35,10.47,47135548
2017-08-08,10.44,10.74,10.42,10.58,56103633
2017-08-09,10.55,10.55,10.3,10.4,56863403
2017-08-10,10.38,10.38,10.11,10.15,51145885
2017-08-11,10.05,10.13,9.8,9.85,66049968
2017-08-14,9.86,10.03,9.83,10.01,28510393
2017-08-15,10.01,10.05,9.86,9.94,39079748
2017-08-16,9.91,9.92,9.81,9.9,28511192
2017-08-17,9.92,10.0,9.88,9.99,28667225
2017-08-18,9.93,9.99,9.91,9.96,21510611
2017-08-21,9.97,10.03,9.92,9.98,27102434
2017-08-22,9.98,10.0,9.83,9.86,35806507
2017-08-23,9.87,9.89,9.73,9.75,31502469
2017-08-24,9.75,9.77,9.62,9.66,25742001
2017-08-25,9.68,9.85,9.63,9.82,35647858
2017-08-28,9.83,9.93,9.8,9.91,37378825
2017-08-29,10.01,10.05,9.93,9.97,40127470
2017-08-30,9.95,10.02,9.94,10.0,27176776
2017-08-31,10.0,10.12,9.95,10.04,33376213
2017-09-01,10.05,10.1,9.99,10.02,28584818
2017-09-04,10.01,10.03,9.94,9.96,34647755
2017-09-05,9.97,10.02,9.94,9.97,25874461
2017-09-06,9.95,10.06,9.88,10.04,42031956
2017-09-07,10.04,10.04,9.96,9.97,27118572
2017-09-08,9.96,10.03,9.93,9.94,30890819
2017-09-11,9.97,10.16,9.91,10.15,49410751
2017-09-12,10.19,10.26,10.1,10.15,58751439
2017-09-13,10.12,10.29,10.1,10.28,51509579
2017-09-14,10.32,10.55,10.29,10.36,122809623
2017-09-15,10.33,10.39,10.18,10.21,42502242
2017-09-18,10.23,10.28,10.19,10.22,25973722
2017-09-19,10.22,10.39,10.2,10.28,42680015
2017-09-20,10.25,10.28,10.16,10.23,30955175
2017-09-21,10.28,10.4,10.19,10.2,41007885
2017-09-22,10.17,10.2,10.06,10.11,30611174
2017-09-25,10.07,10.09,9.85,9.89,42913000
2017-09-26,9.87,9.93,9.85,9.93,18993459
2017-09-27,9.93,9.93,9.85,9.89,23331901
2017-09-28,9.89,9.9,9.78,9.8,26481263
2017-09-29,9.8,9.91,9.8,9.86,18853453
2017-10-09,9.99,10.01,9.9,9.94,29389766
2017-10-10,9.94,9.97,9.88,9.96,28713943
2017-10-11,9.95,10.18,9.94,10.13,51557642
2017-10-12,10.1,10.15,9.99,10.08,26503387
2017-10-13,10.08,10.12,10.01,10.11,22609353
2017-10-16,10.13,10.16,9.9,9.91,33802389
2017-10-17,9.92,9.94,9.86,9.9,19750689
2017-10-18,9.91,9.94,9.85,9.87,19398074
2017-10-19,9.86,9.9,9.71,9.75,26200256
2017-10-20,9.7,9.89,9.7,9.87,16823294
2017-10-23,9.86,9.92,9.82,9.85,15849910
2017-10-24,9.86,10.04,9.82,10.03,45255875
2017-10-25,10.02,10.02,9.93,10.0,26056985
2017-10-26,9.98,10.16,9.95,10.12,52668184
2017-10-27,10.1,10.16,10.01,10.11,36674181
2017-10-30,9.96,10.09,9.74,10.07,81089592
2017-10-31,9.97,10.13,9.96,10.04,32867338
2017-11-01,10.0,10.3,9.97,10.22,89244962
2017-11-02,10.17,10.33,10.11,10.22,67015203
2017-11-03,10.19,10.24,9.85,10.16,72083632
2017-11-06,10.1,10.25,10.03,10.24,39920272
2017-11-07,10.25,10.44,10.14,10.21,85827923
2017-11-08,10.19,10.53,10.08,10.48,111408372
2017-11-09,10.46,10.56,10.37,10.51,77856963
2017-11-10,10.47,11.24,10.44,11.12,218926869
2017-11-13,11.17,11.32,10.92,11.24,152377215
2017-11-14,11.19,11.43,10.97,11.01,141899236
2017-11-15,10.98,11.09,10.67,10.74,133655220
2017-11-16,10.72,10.91,10.67,10.85,82871463
2017-11-17,10.82,10.92,10.47,10.59,124067033
2017-11-20,10.51,10.77,10.45,10.73,76226716
2017-11-21,10.68,10.99,10.66,10.87,107069857
2017-11-22,10.9,10.98,10.52,10.69,93806219
2017-11-23,10.67,10.82,10.24,10.32,102839063
2017-11-24,10.25,10.34,10.18,10.28,45652384
2017-11-27,10.23,10.28,9.95,9.97,54620078
2017-11-28,9.98,10.2,9.98,10.16,37849319
2017-11-29,10.17,10.2,9.95,10.16,43013301
2017-11-30,10.1,10.13,9.96,10.0,28746270
2017-12-01,10.0,10.1,9.95,10.01,23084275
2017-12-04,10.01,10.03,9.88,9.89,32059200
2017-12-05,9.89,9.93,9.58,9.69,56274694
2017-12-06,9.67,9.75,9.58,9.74,28546598
2017-12-07,9.75,9.76,9.65,9.66,19734324
2017-12-08,9.64,9.82,9.62,9.79,26793917
2017-12-11,9.79,9.88,9.75,9.86,29186541
2017-12-12,9.87,9.88,9.66,9.67,24541580
2017-12-13,9.65,9.72,9.61,9.71,22609702
2017-12-14,9.7,9.73,9.66,9.68,17784972
2017-12-15,9.69,9.7,9.49,9.59,33652719
2017-12-18,9.55,9.62,9.52,9.56,12744644
2017-12-19,9.58,9.75,9.56,9.74,20759347
2017-12-20,9.71,9.73,9.61,9.66,14540955
2017-12-21,9.65,9.81,9.55,9.75,30342059
2017-12-22,9.75,10.01,9.72,9.89,47088380
2017-12-25,9.92,9.99,9.73,9.8,35038260
2017-12-26,9.76,10.02,9.75,9.97,32722206
2017-12-27,9.93,9.95,9.79,9.82,23484226
2017-12-28,9.8,9.95,9.78,9.87,22997113
2017-12-29,9.9,9.94,9.84,9.91,17295906
2018-01-02,9.91,10.07,9.86,10.05,38295844
2018-01-03,10.03,10.23,10.01,10.16,50935107
2018-01-04,10.17,10.19,10.07,10.16,31159824
2018-01-05,10.13,10.13,10.0,10.03,38560733
2018-01-08,10.01,10.25,10.0,10.24,49849173
2018-01-09,10.2,10.3,10.03,10.11,43433552
2018-01-10,10.1,10.15,9.89,9.93,50687441
2018-01-11,9.92,9.99,9.89,9.95,26042484
2018-01-12,9.94,9.94,9.8,9.9,41250549
2018-01-15,9.84,9.85,9.62,9.66,41698873
2018-01-16,9.64,9.72,9.62,9.72,26907386
2018-01-17,9.72,9.92,9.63,9.83,38820529
2018-01-18,9.81,9.87,9.77,9.84,23501646
2018-01-19,9.84,10.2,9.8,10.11,88415972
2018-01-22,10.22,10.23,10.02,10.14,54514791
2018-01-23,10.13,10.21,10.05,10.12,35807846
2018-01-24,10.08,10.36,10.04,10.25,71987971
2018-01-25,10.22,10.23,10.08,10.09,48894872
2018-01-26,10.06,10.19,10.05,10.08,39113686
2018-01-29,10.11,10.18,9.89,9.92,51061810
2018-01-30,9.92,9.96,9.78,9.81,40096721
2018-01-31,9.78,9.83,9.72,9.81,28832044
2018-02-01,9.8,9.91,9.52,9.54,52665990
2018-02-02,9.5,9.62,9.36,9.61,31148402
2018-02-05,9.5,9.64,9.45,9.58,29565973
2018-02-06,9.39,9.48,9.02,9.04,51766437
2018-02-07,9.21,9.23,8.88,9.01,30501270
2018-02-08,8.98,9.11,8.93,9.05,18670890
2018-02-09,8.88,8.92,8.51,8.6,39028054
2018-02-12,8.6,8.74,8.6,8.69,21146385
2018-02-13,8.78,8.82,8.66,8.67,21809336
2018-02-14,8.69,8.75,8.61,8.73,13705140
2018-02-22,8.81,8.92,8.77,8.88,19638707
2018-02-23,8.9,8.95,8.85,8.9,15930719
2018-02-26,8.93,9.08,8.88,9.07,22264948
2018-02-27,9.07,9.09,8.96,9.0,15877056
2018-02-28,8.99,9.04,8.93,9.01,16218123
2018-03-01,8.97,9.19,8.93,9.11,31098652
2018-03-02,9.08,9.08,8.98,9.02,17402217
2018-03-05,9.02,9.08,9.0,9.04,11527211
2018-03-06,9.04,9.16,8.99,9.15,24725796
2018-03-07,9.13,9.14,8.99,9.01,19459156
2018-03-08,9.02,9.08,8.98,9.08,19522852
2018-03-09,9.09,9.14,9.02,9.13,28280235
2018-03-12,9.15,9.23,9.12,9.21,31809884
2018-03-13,9.21,9.21,9.13,9.14,17722189
2018-03-14,9.13,9.18,9.08,9.09,19757840
2018-03-15,9.06,9.08,8.98,9.05,17450848
2018-03-16,9.05,9.07,8.97,8.98,12150195
2018-03-19,8.95,8.98,8.89,8.91,15238952
2018-03-20,8.87,8.98,8.85,8.95,13548124
2018-03-21,8.98,9.13,8.96,8.99,24441731
2018-03-22,8.99,9.08,8.88,9.04,19324284
2018-03-23,8.85,8.86,8.39,8.73,40055948
2018-03-26,8.61,8.78,8.45,8.75,19366316
2018-03-27,8.84,8.86,8.74,8.81,19280047
2018-03-28,8.72,8.79,8.68,8.73,14694268
2018-03-29,8.81,8.84,8.73,8.81,16978260
2018-03-30,8.82,8.84,8.76,8.82,18089992
2018-04-02,8.84,8.92,8.79,8.85,21692608
2018-04-03,8.77,8.81,8.71,8.73,16588233
2018-04-04,8.76,8.84,8.7,8.72,14859731
2018-04-09,8.68,8.72,8.61,8.65,13629887
2018-04-10,8.65,8.76,8.62,8.76,15382731
2018-04-11,8.77,8.81,8.73,8.75,14150647
2018-04-12,8.73,8.76,8.65,8.67,12470609
2018-04-13,8.73,8.74,8.66,8.67,8212932
2018-04-16,8.75,8.75,8.6,8.67,12317752
2018-04-17,8.64,8.64,8.45,8.49,23017944
2018-04-18,8.51,8.55,8.22,8.37,25901253
2018-04-19,8.38,8.44,8.3,8.41,14711284
2018-04-20,8.41,8.41,8.13,8.14,22582605
2018-04-23,8.08,8.14,7.97,8.02,21710404
2018-04-24,8.0,8.19,7.99,8.17,18071339
2018-04-25,8.14,8.19,8.1,8.14,9497704
2018-04-26,8.13,8.15,7.99,8.0,15063523
2018-04-27,7.99,8.02,7.85,7.94,18057556
2018-05-02,7.96,7.99,7.88,7.91,12742205
2018-05-03,7.92,8.09,7.88,8.04,17386473
2018-05-04,8.06,8.09,7.99,8.02,11122764
2018-05-07,8.02,8.18,8.01,8.12,16913286
2018-05-08,8.13,8.22,8.1,8.15,14598967
2018-05-09,8.19,8.2,8.12,8.16,10681820
2018-05-10,8.17,8.24,8.11,8.16,9308391
2018-05-11,8.18,8.19,8.12,8.12,6998247
2018-05-14,8.1,8.16,8.06,8.09,9823332
2018-05-15,8.12,8.18,8.08,8.17,12830720
2018-05-16,8.15,8.28,8.11,8.22,20882397
2018-05-17,8.2,8.24,8.16,8.18,8487448
2018-05-18,8.2,8.24,8.15,8.23,10102671
2018-05-21,8.27,8.31,8.25,8.31,16236811
2018-05-22,8.33,8.33,8.21,8.27,10375445
2018-05-23,8.25,8.25,8.17,8.18,10301445
2018-05-24,8.16,8.19,8.1,8.11,8679237
2018-05-25,8.08,8.13,8.03,8.04,8328324
2018-05-28,8.05,8.06,8.0,8.02,9481911
2018-05-29,8.01,8.07,7.99,8.01,8994265
2018-05-30,7.96,7.97,7.68,7.7,22545927
2018-05-31,7.77,7.83,7.69,7.82,16395383
2018-06-01,7.78,7.81,7.72,7.74,9450481
2018-06-04,7.19,7.59,7.19,7.36,34027182
2018-06-05,7.34,7.46,7.31,7.46,15825559
2018-06-06,7.46,7.47,7.37,7.4,11507985
2018-06-07,7.43,7.45,7.34,7.35,10342296
2018-06-08,7.36,7.36,7.14,7.18,19225615
2018-06-11,7.16,7.25,7.14,7.22,8697243
2018-06-12,7.24,7.27,7.17,7.26,9516179
2018-06-13,7.3,7.43,7.26,7.3,15029296
2018-06-14,7.27,7.34,7.24,7.3,8102231
2018-06-15,7.29,7.35,7.19,7.23,10239701
2018-06-19,7.14,7.14,6.56,6.72,29077157
2018-06-20,6.74,6.82,6.67,6.77,13750553
2018-06-21,6.76,6.85,6.63,6.64,13562455
2018-06-22,6.61,6.76,6.58,6.71,10181467
2018-06-25,6.8,6.82,6.72,6.73,10268279
2018-06-26,6.71,6.79,6.65,6.76,10269559
2018-06-27,6.77,6.83,6.74,6.75,9389173
2018-06-28,6.78,6.83,6.74,6.8,11596672
2018-06-29,6.8,6.94,6.79,6.93,14784153
2018-07-02,6.87,6.95,6.81,6.87,12344783
2018-07-03,6.88,6.97,6.83,6.97,10763589
2018-07-04,6.92,6.96,6.86,6.92,10100032
2018-07-05,6.71,6.71,6.5,6.51,13310349
2018-07-06,6.53,6.57,6.34,6.51,13048562
2018-07-09,6.53,6.66,6.52,6.64,9290438
2018-07-10,6.65,6.73,6.63,6.69,8075279
2018-07-11,6.61,6.61,6.43,6.52,9094999
2018-07-12,6.5,6.72,6.5,6.7,13223964
2018-07-13,6.78,6.78,6.66,6.7,9902593
2018-07-16,6.7,6.72,6.62,6.68,5572125
2018-07-17,6.67,6.68,6.58,6.65,6740429
2018-07-18,6.66,6.7,6.63,6.65,8892663
2018-07-19,6.7,6.74,6.6,6.62,9370319
2018-07-20,6.6,6.69,6.54,6.67,11665285
2018-07-23,6.64,6.83,6.62,6.81,18873725
2018-07-24,6.85,7.04,6.81,7.01,28860775
2018-07-25,7.01,7.02,6.92,6.98,12545086
2018-07-26,6.98,7.03,6.91,7.01,14886215
2018-07-27,6.97,6.99,6.88,6.89,11458296
2018-07-30,6.92,6.98,6.87,6.9,12080469
2018-07-31,6.9,6.96,6.89,6.91,7655913
2018-08-01,6.93,6.96,6.75,6.76,13088330
2018-08-02,6.71,6.75,6.51,6.67,16529548
2018-08-03,6.67,6.72,6.62,6.63,7349213
2018-08-06,6.62,6.65,6.5,6.51,9765603
2018-08-07,6.53,6.82,6.5,6.77,13278172
2018-08-08,6.76,6.82,6.71,6.77,11358115
2018-08-09,6.75,6.9,6.72,6.87,15334120
2018-08-10,6.87,6.9,6.81,6.86,8877317
2018-08-13,6.81,6.83,6.71,6.81,9220459
2018-08-14,6.82,6.84,6.73,6.77,9072219
2018-08-15,6.75,6.76,6.58,6.62,10785675
2018-08-16,6.56,6.63,6.51,6.58,8328347
2018-08-17,6.64,6.64,6.5,6.51,7643131
2018-08-20,6.51,6.55,6.45,6.55,7573410
2018-08-21,6.56,6.63,6.54,6.58,7714186
2018-08-22,6.58,6.59,6.51,6.52,6462639
2018-08-23,6.52,6.57,6.5,6.54,6537792
2018-08-24,6.55,6.55,6.48,6.54,6332329
2018-08-27,6.54,6.63,6.54,6.62,11502177
2018-08-28,6.68,6.88,6.67,6.77,28346549
2018-08-29,6.74,6.88,6.73,6.83,17848602
2018-08-30,6.83,6.88,6.76,6.81,11020654
2018-08-31,6.81,6.82,6.68,6.74,12854195
2018-09-03,6.8,6.88,6.77,6.86,20685864
2018-09-04,6.87,6.97,6.82,6.91,20054909
2018-09-05,6.9,6.93,6.77,6.79,14686818
2018-09-06,6.76,6.87,6.74,6.76,9820900
2018-09-07,6.76,6.84,6.61,6.69,18155105
2018-09-10,6.83,7.04,6.8,6.83,35753560
2018-09-11,6.91,7.04,6.81,6.97,49037614
2018-09-12,6.93,6.99,6.85,6.88,27626054
2018-09-13,6.94,6.97,6.72,6.8,52702118
2018-09-14,6.82,6.88,6.78,6.79,25765442
2018-09-17,6.8,6.9,6.73,6.88,26418937
2018-09-18,6.81,7.03,6.78,7.02,36471160
2018-09-19,6.98,7.04,6.91,7.0,57251333
2018-09-20,6.98,7.0,6.92,6.94,24863180
2018-09-21,6.96,7.1,6.93,7.09,42787925
2018-09-25,7.05,7.19,7.03,7.15,35258306
2018-09-26,7.13,7.34,7.1,7.17,55942446
2018-09-27,7.16,7.19,7.09,7.12,32076428
2018-09-28,7.15,7.18,7.1,7.17,23506787
2018-10-08,7.06,7.12,6.93,6.96,34304685
2018-10-09,6.97,7.03,6.95,6.97,15236883
2018-10-10,6.99,7.06,6.93,7.02,16433954
2018-10-11,6.8,6.88,6.45,6.54,46481004
2018-10-12,6.52,6.58,6.29,6.54,28321293
2018-10-15,6.58,6.58,6.38,6.38,15832205
2018-10-16,6.41,6.46,6.3,6.34,14407806
2018-10-17,6.44,6.54,6.38,6.51,18153923
2018-10-18,6.46,6.53,6.41,6.47,17058032
2018-10-19,6.43,6.68,6.36,6.63,19887888
2018-10-22,6.66,7.0,6.66,6.9,40237392
2018-10-23,7.01,7.01,6.77,6.82,22177556
2018-10-24,6.82,6.89,6.76,6.82,13807964
2018-10-25,6.67,6.83,6.57,6.8,17803075
2018-10-26,6.84,6.98,6.82,6.85,16386808
2018-10-29,6.83,6.88,6.73,6.77,12899258
2018-10-30,6.75,6.93,6.73,6.86,18528186
2018-10-31,6.85,6.99,6.85,6.95,18942032
2018-11-01,7.01,7.06,6.92,6.92,27838853
2018-11-02,7.08,7.08,6.97,7.05,36170840
2018-11-05,7.08,7.27,7.05,7.17,54549154
2018-11-06,7.12,7.12,6.94,7.05,31154951
2018-11-07,7.03,7.09,6.97,6.98,23488120
2018-11-08,7.03,7.05,6.9,6.91,16619766
2018-11-09,6.9,6.95,6.86,6.9,12447124
2018-11-12,6.9,7.15,6.89,7.11,32173566
2018-11-13,7.02,7.17,7.0,7.12,40654767
2018-11-14,7.09,7.16,7.04,7.07,25694537
2018-11-15,7.07,7.18,7.04,7.17,29386383
2018-11-16,7.19,7.24,7.11,7.15,35636511
2018-11-19,7.13,7.23,7.13,7.23,30036582
2018-11-20,7.19,7.23,7.0,7.02,33716376
2018-11-21,6.93,7.01,6.91,6.99,16607260
2018-11-22,7.0,7.01,6.91,6.95,12973171
2018-11-23,6.94,6.98,6.7,6.71,23386793
2018-11-26,6.72,6.79,6.71,6.72,10922567
2018-11-27,6.75,6.79,6.7,6.74,9463802
2018-11-28,6.73,6.86,6.7,6.85,15364783
2018-11-29,6.88,6.93,6.79,6.8,13723706
2018-11-30,6.78,6.87,6.75,6.85,9933157
2018-12-03,6.99,7.06,6.92,7.01,26585110
2018-12-04,7.0,7.06,6.98,7.04,13559474
2018-12-05,6.95,7.06,6.91,7.01,16410917
2018-12-06,6.99,7.11,6.96,7.02,22340385
2018-12-07,7.02,7.05,6.96,7.03,13383838
2018-12-10,6.99,7.02,6.9,6.94,11654189
2018-12-11,6.96,7.01,6.93,6.98,9954454
2018-12-12,7.0,7.05,6.99,7.02,11843402
2018-12-13,7.03,7.1,6.89,7.09,30935832
2018-12-14,7.05,7.07,6.93,6.94,17728934
2018-12-17,6.91,6.96,6.86,6.96,11449202
2018-12-18,6.92,6.95,6.81,6.86,16569892
2018-12-19,6.85,6.88,6.82,6.82,9459152
2018-12-20,6.8,6.85,6.78,6.83,11007444
2018-12-21,6.78,6.82,6.72,6.77,11915003
2018-12-24,6.76,6.87,6.74,6.84,8510947
2018-12-25,6.78,6.81,6.62,6.76,15209568
2018-12-26,6.82,7.05,6.82,6.9,33516778
2018-12-27,7.0,7.02,6.83,6.84,19316246
2018-12-28,6.84,6.87,6.71,6.79,16196526
2019-01-02,6.82,6.92,6.73,6.92,12635458
2019-01-03,6.85,6.93,6.82,6.92,17933264
2019-01-04,6.85,7.29,6.83,7.28,87808678
2019-01-07,7.31,7.53,7.26,7.45,95615499
2019-01-08,7.4,7.44,7.3,7.34,48542694
2019-01-09,7.37,7.45,7.31,7.31,48688611
2019-01-10,7.32,7.46,7.28,7.33,41795171
2019-01-11,7.32,7.4,7.28,7.39,29734059
2019-01-14,7.38,7.41,7.3,7.33,21606048
2019-01-15,7.32,7.44,7.26,7.4,33169744
2019-01-16,7.4,7.41,7.26,7.29,28658600
2019-01-17,7.28,7.3,7.15,7.16,28468055
2019-01-18,7.23,7.26,7.15,7.23,20318117
2019-01-21,7.25,7.31,7.21,7.23,21410047
2019-01-22,7.23,7.26,7.16,7.2,14788554
2019-01-23,7.16,7.24,7.16,7.22,12938907
2019-01-24,7.23,7.28,7.16,7.24,22429470
2019-01-25,7.24,7.34,7.22,7.25,27091300
2019-01-28,7.26,7.37,7.19,7.2,28757558
2019-01-29,7.21,7.24,7.03,7.11,28082970
2019-01-30,7.1,7.19,7.06,7.12,15636455
2019-01-31,7.14,7.15,6.98,7.02,25130590
2019-02-01,7.07,7.22,7.05,7.22,26043635
2019-02-11,7.22,7.34,7.22,7.33,28710176
2019-02-12,7.32,7.38,7.3,7.36,30641492
2019-02-13,7.37,7.58,7.32,7.56,62317102
2019-02-14,7.55,7.64,7.51,7.54,39830240
2019-02-15,7.52,7.63,7.46,7.49,34186650
2019-02-18,7.55,7.75,7.55,7.75,57900333
2019-02-19,7.76,7.78,7.58,7.69,46160020
2019-02-20,7.65,7.67,7.57,7.65,29872988
2019-02-21,7.65,7.72,7.54,7.56,41556110
2019-02-22,7.6,7.74,7.57,7.73,41137208
2019-02-25,7.82,8.13,7.76,8.09,93219664
2019-02-26,8.1,8.16,8.0,8.03,77149125
2019-02-27,8.02,8.12,7.85,7.93,57027922
2019-02-28,7.93,8.04,7.89,7.95,31146143
2019-03-01,7.98,8.01,7.83,7.94,39089329
2019-03-04,8.0,8.13,7.94,7.96,75987518
2019-03-05,7.95,8.1,7.92,8.1,50739329
2019-03-06,8.11,8.16,8.02,8.13,57290377
2019-03-07,8.11,8.2,8.05,8.15,74214506
2019-03-08,8.05,8.05,7.76,7.78,72502311
2019-03-11,7.8,8.56,7.8,8.56,144379380
2019-03-12,9.07,9.22,8.57,8.7,234793746
2019-03-13,8.6,8.62,8.36,8.41,101899310
2019-03-14,8.36,8.38,8.11,8.18,67889362
2019-03-15,8.21,8.43,8.21,8.32,62093596
2019-03-18,8.33,8.46,8.22,8.45,56181197
2019-03-19,8.52,8.64,8.41,8.48,63611210
2019-03-20,8.49,8.76,8.39,8.64,83541806
2019-03-21,8.65,8.69,8.53,8.59,60592160
2019-03-22,8.6,8.62,8.42,8.53,43974166
2019-03-25,8.44,8.47,8.36,8.36,43911790
2019-03-26,8.39,8.43,8.1,8.12,48206609
2019-03-27,8.16,8.22,8.03,8.16,28874138
2019-03-28,8.17,8.22,7.99,8.01,30965138
2019-03-29,8.04,8.28,8.02,8.28,41555328
2019-04-01,8.3,8.53,8.3,8.5,60077469
2019-04-02,8.53,8.56,8.43,8.5,46311909
2019-04-03,8.46,8.61,8.43,8.59,51473610
2019-04-04,8.64,8.66,8.48,8.57,55271497
2019-04-08,8.6,8.73,8.45,8.55,58764266
2019-04-09,8.54,8.6,8.44,8.55,32648885
2019-04-10,8.5,8.56,8.41,8.52,37986278
2019-04-11,8.53,8.86,8.47,8.74,96731773
2019-04-12,8.66,8.73,8.57,8.64,51460364
2019-04-15,8.73,8.86,8.51,8.53,56472705
2019-04-16,8.4,8.4,8.13,8.38,74766705
2019-04-17,8.39,8.42,8.34,8.4,37368883
2019-04-18,8.4,8.4,8.29,8.3,30811838
2019-04-19,8.27,8.38,8.27,8.36,23547206
2019-04-22,8.39,8.47,8.28,8.3,33728561
2019-04-23,8.28,8.34,8.2,8.22,24334480
2019-04-24,8.26,8.3,8.13,8.26,27766235
2019-04-25,8.22,8.22,7.99,7.99,36683335
2019-04-26,7.98,8.02,7.8,7.8,31599756
2019-04-29,7.81,7.85,7.64,7.66,26105829
2019-04-30,7.68,7.8,7.68,7.73,18549775
2019-05-06,7.6,7.6,7.08,7.19,40862309
2019-05-07,7.23,7.38,7.18,7.28,21932092
2019-05-08,7.13,7.3,7.11,7.2,18670230
2019-05-09,7.18,7.22,7.12,7.16,14774960
2019-05-10,7.22,7.33,7.12,7.32,24616202
2019-05-13,7.25,7.28,7.21,7.22,13536681
2019-05-14,7.15,7.24,7.13,7.14,13914792
2019-05-15,7.2,7.29,7.2,7.26,16379825
2019-05-16,7.26,7.35,7.23,7.35,19009026
2019-05-17,7.35,7.35,7.1,7.13,21343090
2019-05-20,7.13,7.17,7.03,7.15,16720119
2019-05-21,7.15,7.28,7.12,7.22,14329148
2019-05-22,7.25,7.26,7.14,7.16,11819526
2019-05-23,7.14,7.16,7.06,7.09,16191648
2019-05-24,7.06,7.12,7.05,7.07,9110398
2019-05-27,7.09,7.22,7.05,7.19,13388779
2019-05-28,7.2,7.27,7.14,7.18,19333169
2019-05-29,7.18,7.23,7.13,7.17,10528146
2019-05-30,7.18,7.18,7.09,7.16,10686821
2019-05-31,7.16,7.27,7.14,7.18,12803289
2019-06-03,7.18,7.23,7.09,7.16,14852865
2019-06-04,7.15,7.17,7.07,7.11,11207444
2019-06-05,7.17,7.19,7.1,7.11,7594155
2019-06-06,7.13,7.13,6.95,6.96,17242592
2019-06-10,6.99,7.1,6.97,7.04,12002655
2019-06-11,7.04,7.23,7.04,7.22,22732977
2019-06-12,7.22,7.22,7.16,7.17,13876786
2019-06-13,7.19,7.19,7.1,7.16,11988542
2019-06-14,7.17,7.2,7.09,7.1,14110046
2019-06-17,7.1,7.13,7.05,7.09,8980023
2019-06-18,7.09,7.11,7.05,7.08,6790145
2019-06-19,7.19,7.23,7.15,7.15,18594783
2019-06-20,7.17,7.31,7.13,7.29,26945820
2019-06-21,7.29,7.38,7.28,7.33,24044750
2019-06-24,7.37,7.38,7.26,7.3,12665126
2019-06-25,7.3,7.31,7.17,7.24,14088328
2019-06-26,7.22,7.27,7.18,7.23,7878165
2019-06-27,7.23,7.36,7.23,7.26,16111566
2019-06-28,7.27,7.29,7.21,7.25,11315817
2019-07-01,7.34,7.38,7.3,7.37,24022055
2019-07-02,7.39,7.41,7.32,7.34,20267816
2019-07-03,7.33,7.35,7.28,7.3,13045608
2019-07-04,7.15,7.17,7.1,7.12,15292370
2019-07-05,7.14,7.14,7.09,7.12,8920068
2019-07-08,7.11,7.11,6.92,6.92,19644224
2019-07-09,6.93,6.97,6.9,6.93,10330043
2019-07-10,6.96,6.97,6.9,6.92,7924215
2019-07-11,6.93,6.97,6.88,6.91,7227684
2019-07-12,6.92,6.96,6.89,6.93,7152069
2019-07-15,6.91,6.98,6.83,6.95,11473650
2019-07-16,6.92,6.98,6.92,6.97,6775073
2019-07-17,6.97,7.02,6.94,6.99,7916388
2019-07-18,6.97,7.03,6.93,6.93,8544171
2019-07-19,6.94,7.04,6.94,6.97,9621995
2019-07-22,6.98,7.02,6.82,6.9,10993437
2019-07-23,6.91,6.95,6.88,6.93,6485466
2019-07-24,6.95,7.02,6.95,6.97,10835045
2019-07-25,6.99,7.03,6.96,6.99,7797656
2019-07-26,6.98,7.02,6.97,7.02,10020048
2019-07-29,7.01,7.05,6.99,7.02,10063414
2019-07-30,7.02,7.08,7.01,7.05,11695412
2019-07-31,7.04,7.12,7.02,7.11,16794195
2019-08-01,7.09,7.09,7.01,7.04,14719431
2019-08-02,6.93,6.97,6.89,6.95,13427636
2019-08-05,6.91,6.96,6.84,6.85,11885888
2019-08-06,6.75,6.75,6.53,6.62,25977422
2019-08-07,6.63,6.67,6.61,6.61,9193581
2019-08-08,6.66,6.68,6.6,6.64,7115441
2019-08-09,6.66,6.68,6.56,6.58,8801858
2019-08-12,6.59,6.63,6.55,6.62,7183791
2019-08-13,6.59,6.6,6.53,6.57,7611359
2019-08-14,6.62,6.67,6.55,6.58,9015707
2019-08-15,6.48,6.56,6.45,6.56,8492673
2019-08-16,6.62,6.62,6.56,6.58,7327674
2019-08-19,6.62,6.74,6.62,6.73,12249270
2019-08-20,6.74,6.75,6.68,6.7,10104866
2019-08-21,6.68,6.73,6.66,6.72,11432181
2019-08-22,6.74,6.74,6.68,6.73,8364649
2019-08-23,6.72,6.74,6.67,6.7,6535005
2019-08-26,6.59,6.64,6.55,6.62,11417255
2019-08-27,6.65,6.75,6.64,6.65,13301014
2019-08-28,6.7,6.72,6.63,6.67,11744361
2019-08-29,6.67,6.83,6.66,6.74,18025567
2019-08-30,6.72,6.76,6.56,6.58,24963727
2019-09-02,6.57,6.68,6.56,6.66,15790708
2019-09-03,6.65,6.68,6.61,6.65,13624363
2019-09-04,6.65,6.73,6.63,6.73,23115776
2019-09-05,6.76,6.85,6.75,6.77,26164498
2019-09-06,6.8,6.83,6.74,6.8,14739608
2019-09-09,6.85,6.87,6.79,6.84,19584840
2019-09-10,6.84,6.85,6.77,6.82,18323515
2019-09-11,6.82,6.85,6.79,6.79,17003252
2019-09-12,6.8,6.83,6.77,6.83,15427902
2019-09-16,6.83,6.85,6.8,6.83,15952809
2019-09-17,6.82,6.82,6.68,6.7,15101956
2019-09-18,6.71,6.73,6.68,6.69,10107143
2019-09-19,6.7,6.72,6.66,6.71,11969943
2019-09-20,6.71,6.73,6.68,6.68,11918740
2019-09-23,6.67,6.67,6.58,6.61,15665941
2019-09-24,6.6,6.65,6.59,6.61,10652639
2019-09-25,6.6,6.6,6.55,6.56,10540802
2019-09-26,6.58,6.6,6.5,6.5,13815283
2019-09-27,6.52,6.55,6.5,6.52,8495364
2019-09-30,6.54,6.55,6.5,6.5,8384033
2019-10-08,6.5,6.6,6.5,6.52,10784076
2019-10-09,6.5,6.57,6.5,6.57,8059542
2019-10-10,6.57,6.6,6.56,6.58,9311199
2019-10-11,6.6,6.61,6.55,6.59,9010059
2019-10-14,6.63,6.69,6.62,6.64,13673522
2019-10-15,6.62,6.66,6.61,6.62,8803643
2019-10-16,6.63,6.65,6.58,6.59,7420493
2019-10-17,6.61,6.62,6.56,6.58,6684051
2019-10-18,6.56,6.6,6.5,6.5,9670173
2019-10-21,6.5,6.51,6.45,6.48,7106357
2019-10-22,6.49,6.52,6.46,6.51,6381623
2019-10-23,6.52,6.53,6.48,6.49,5869843
2019-10-24,6.48,6.51,6.46,6.48,6082650
2019-10-25,6.47,6.51,6.44,6.5,8768760
2019-10-28,6.5,6.55,6.5,6.54,9950389
2019-10-29,6.55,6.56,6.46,6.47,8543606
2019-10-30,6.5,6.5,6.43,6.44,9407350
2019-10-31,6.46,6.48,6.41,6.42,7934638
2019-11-01,6.4,6.46,6.39,6.45,8043461
2019-11-04,6.45,6.54,6.44,6.53,11018624
2019-11-05,6.54,6.55,6.47,6.53,9470596
2019-11-06,6.53,6.54,6.5,6.52,7502931
2019-11-07,6.5,6.52,6.46,6.5,8029974
2019-11-08,6.53,6.55,6.5,6.51,8113313
2019-11-11,6.5,6.5,6.41,6.43,9780225
2019-11-12,6.44,6.45,6.4,6.42,9058784
2019-11-13,6.45,6.45,6.32,6.37,12057495
2019-11-14,6.36,6.39,6.33,6.36,5683162
2019-11-15,6.37,6.38,6.31,6.31,6859214
2019-11-18,6.34,6.39,6.3,6.37,6859029
2019-11-19,6.36,6.43,6.36,6.42,9409969
2019-11-20,6.43,6.43,6.38,6.39,6205259
2019-11-21,6.39,6.45,6.36,6.41,6321452
2019-11-22,6.42,6.45,6.37,6.41,7279902
2019-11-25,6.41,6.54,6.39,6.51,13066764
2019-11-26,6.53,6.54,6.48,6.53,15010920
2019-11-27,6.52,6.53,6.48,6.51,6809092
2019-11-28,6.53,6.53,6.49,6.51,6959398
2019-11-29,6.5,6.52,6.46,6.49,6350261
2019-12-02,6.49,6.52,6.47,6.5,7201785
2019-12-03,6.46,6.48,6.41,6.45,6982465
2019-12-04,6.43,6.44,6.35,6.37,12438788
2019-12-05,6.38,6.42,6.34,6.38,12354101
2019-12-06,6.38,6.4,6.36,6.4,8557862
2019-12-09,6.4,6.42,6.36,6.4,11469666
2019-12-10,6.4,6.42,6.38,6.4,8789863
2019-12-11,6.4,6.53,6.38,6.48,23474941
2019-12-12,6.46,6.47,6.41,6.43,12739552
2019-12-13,6.45,6.5,6.43,6.5,18150567
2019-12-16,6.51,6.55,6.48,6.55,18012077
2019-12-17,6.55,6.66,6.52,6.62,31721141
2019-12-18,6.62,6.65,6.58,6.6,18241631
2019-12-19,6.6,6.64,6.59,6.61,13465595
2019-12-20,6.64,6.65,6.57,6.59,14127519
2019-12-23,6.59,6.61,6.51,6.51,12916833
2019-12-24,6.51,6.57,6.5,6.56,9827975
2019-12-25,6.56,6.59,6.52,6.56,8973632
2019-12-26,6.56,6.6,6.55,6.59,10268644
2019-12-27,6.59,6.64,6.55,6.56,15593198
2019-12-30,6.56,6.63,6.52,6.62,18699001
2019-12-31,6.61,6.66,6.6,6.65,15435139
2020-01-02,6.7,6.74,6.67,6.72,26703429
2020-01-03,6.72,6.74,6.68,6.69,16540421
2020-01-06,6.67,6.76,6.66,6.72,22412592
2020-01-07,6.73,6.76,6.71,6.75,21171513
2020-01-08,6.72,6.73,6.65,6.67,22766785
2020-01-09,6.7,6.74,6.69,6.73,16922849
2020-01-10,6.73,6.76,6.67,6.69,15358588
2020-01-13,6.69,6.71,6.65,6.7,13483572
2020-01-14,6.71,6.85,6.7,6.77,35289529
2020-01-15,6.75,6.79,6.69,6.7,16950207
2020-01-16,6.72,6.72,6.64,6.66,13033691
2020-01-17,6.67,6.69,6.61,6.63,13131710
2020-01-20,6.62,6.66,6.59,6.66,14860234
2020-01-21,6.64,6.64,6.55,6.56,18684111
2020-01-22,6.53,6.55,6.44,6.52,18115968
2020-01-23,6.5,6.5,6.33,6.36,26311306
